{
  "persons": [
    {
      "name": "aaa",
      "id": 1
    },
    {
      "id": 2,
      "name": "tim"
    },
    {
      "name": "jos",
      "id": 3
    },
    {
      "name": "jos",
      "id": 4
    },
    {
      "name": "jos",
      "id": 5
    },
    {
      "name": "jos",
      "id": 6
    },
    {
      "name": "jos",
      "id": 7
    },
    {
      "name": "jos",
      "id": 8
    },
    {
      "name": "jos",
      "id": 9
    },
    {
      "name": "jos",
      "id": 10
    },
    {
      "name": "n",
      "id": 11
    }
  ]
}