DROP DATABASE IF EXISTS StudentDB;
CREATE DATABASE StudentDB; 
USE StudentDB;

-- Person --
CREATE TABLE `Persons` (
  `Id` int(10) unsigned NOT NULL auto_increment,
  `LastName` varchar(45) default NULL,
  `FirstName` varchar(45) default NULL,
  PRIMARY KEY (`Id`)
) ENGINE=InnoDB DEFAULT CHARSET=utf8;

-- ADDRESSES --
CREATE TABLE Addresses (
  `Id` int(10) unsigned NOT NULL auto_increment,
  `LastName` varchar(45) default NULL,
  `FirstName` varchar(45) default NULL,
  `Street` varchar(45) default NULL,
  `Number` varchar(10) default NULL,
  `ZipCode` varchar(10) default NULL,
  `City` varchar(45) default NULL,
  `Country` varchar(45) default NULL,
  PRIMARY KEY  (`Id`)
) ENGINE=InnoDB DEFAULT CHARSET=utf8;

INSERT INTO Addresses VALUES(1,'Simpson','Homer','Evergreen Terrace','742','80085','Springfield','USA');
INSERT INTO Addresses VALUES(2,'Simpson','Marge','Evergreen Terrace','742','80085','Springfield','USA');
INSERT INTO Addresses VALUES(3,'Simpson','Bart','Evergreen Terrace','742','80085','Springfield','USA');
INSERT INTO Addresses VALUES(4,'Simpson','Lisa','Evergreen Terrace','742','80085','Springfield','USA');
INSERT INTO Addresses VALUES(5,'Simpson','Maggy','Evergreen Terrace','742','80085','Springfield','USA');

-- ACCOUNTS --
CREATE TABLE `Accounts` (
  `number` int(11) NOT NULL,
  `amount` double DEFAULT NULL,
  PRIMARY KEY (`number`)
) ENGINE=InnoDB DEFAULT CHARSET=utf8;

INSERT INTO Accounts VALUES(1,100);
INSERT INTO Accounts VALUES(2,100);

-- BREWERS --
CREATE TABLE Brewers (
  Id int(11) NOT NULL auto_increment,
  Name varchar(50) default NULL,
  Address varchar(50) default NULL,
  ZipCode varchar(6) default NULL,
  City varchar(50) default NULL,
  Turnover int(11) default '0',
  PRIMARY KEY  (Id)
) ENGINE=InnoDB DEFAULT CHARSET=utf8;

INSERT INTO Brewers VALUES (1,'Achouffe','Route du Village 32',6666,'Achouffe-Wibrin',10000);
INSERT INTO Brewers VALUES (2,'Alken','Stationstraat 2',3570,'Alken',950000);
INSERT INTO Brewers VALUES (3,'Ambly','Rue Principale 45',6953,'Ambly-Nassogne',500);
INSERT INTO Brewers VALUES (4,'Anker','Guido Gezellelaan 49',2800,'Mechelen',3000);
INSERT INTO Brewers VALUES (6,'Artois','Vaartstraat 94',3000,'Leuven',4000000);
INSERT INTO Brewers VALUES (8,'Bavik','Rijksweg 33',8531,'Bavikhove',110000);
INSERT INTO Brewers VALUES (9,'Belle Vue - Molenbeek','Henegouwenkaai 33',1080,'Sint-Jans-Molenbeek',0);
INSERT INTO Brewers VALUES (10,'Belle Vue - Zuun','Steenweg naar Bergen',1600,'Sint- Pieters-Leeuw',0);
INSERT INTO Brewers VALUES (11,'Belle Vue','Delaunoy-straat 58-60',1080,'Sint-Jans-Molenbeek',300000);
INSERT INTO Brewers VALUES (12,'Bie (De)','Stoppelweg 26',8978,'Watou',280);
INSERT INTO Brewers VALUES (13,'Binchoise','Faubourg St. Paul 38',7130,'Binche',700);
INSERT INTO Brewers VALUES (14,'Bios','Lindenlaan 25',9940,'Ertvelde',40000);
INSERT INTO Brewers VALUES (15,'Blaugies','Rue de la Frontiere 435',7370,'Blaugies',280);
INSERT INTO Brewers VALUES (17,'Bocq','Rue de la Brasserie 4',5530,'Purnode',60000);
INSERT INTO Brewers VALUES (18,'Boelens','Kerkstraat 7',9111,'Belsele',300);
INSERT INTO Brewers VALUES (19,'Boon','Fonteinstraat 65',1502,'Lembeek',2350);
INSERT INTO Brewers VALUES (20,'Bosteels','Kerkstraat 92',9255,'Buggenhout',50000);
INSERT INTO Brewers VALUES (21,'Brunehaut','Rue des Panneries 17',7623,'Brunehaut',3800);
INSERT INTO Brewers VALUES (22,'Cantillon','Gheudestraat 56',1070,'Anderlecht',850);
INSERT INTO Brewers VALUES (23,'Caracole','Cote Marie-Therese 86',5500,'Falmignoul',350);
INSERT INTO Brewers VALUES (24,'Caulier','Rue Sondeveille 134',7600,'Peruwelz',1500);
INSERT INTO Brewers VALUES (25,'Chimay','Rue de la Trappe 294',6464,'Forges-les-Chimay',100000);
INSERT INTO Brewers VALUES (26,'Clarysse','Krekelput 16-18',9700,'Oudenaarde',15000);
INSERT INTO Brewers VALUES (27,'Cnudde','Fabriekstraat 8',9700,'Eine',0);
INSERT INTO Brewers VALUES (28,'Contreras','Molenstraat 115',9890,'Gavere',2000);
INSERT INTO Brewers VALUES (29,'Crombe','Hospitaalstraat 10',9620,'Zottegem',1000);
INSERT INTO Brewers VALUES (30,'Deca','Elverdingestraat 4',8640,'Woesten-Vleteren',10000);
INSERT INTO Brewers VALUES (32,'Dolle Brewers','Roeselarestraat 12b',8600,'Esen- Diksmuide',1200);
INSERT INTO Brewers VALUES (33,'Domus','Tiensestraat 8',3000,'Leuven',1000);
INSERT INTO Brewers VALUES (34,'Dool','Eikendreef 21',3530,'Helchteren',1500);
INSERT INTO Brewers VALUES (35,'Drie Fonteinen','H. Teirlinckplein 3',1650,'Beersel',180);
INSERT INTO Brewers VALUES (36,'Dubuisson','Chaussee de Mons 28',7904,'Pipaix',15840);
INSERT INTO Brewers VALUES (37,'Dupont','Rue Basse 5',7904,'Tourpes-Leuze',6000);
INSERT INTO Brewers VALUES (38,'Duwac','Rue des Rossignols 20',7700,'Mouscron',900);
INSERT INTO Brewers VALUES (39,'Duysters','Michel Theysstraat 58 a',3290,'Diest',0);
INSERT INTO Brewers VALUES (40,'Ellezelloise','Guinaumont 75',7890,'Ellezelles',1000);
INSERT INTO Brewers VALUES (41,'Eupener','Paveestrasse 12-14',4700,'Eupen',20000);
INSERT INTO Brewers VALUES (42,'Eylenbosch - Maes','Ninoofsesteenweg 5',1703,'Schepdaal',12000);
INSERT INTO Brewers VALUES (43,'Facon','Kwabrugstraat 27',8510,'Bellegem',8000);
INSERT INTO Brewers VALUES (44,'Fantome','Rue Preal 8',6997,'Soy',900);
INSERT INTO Brewers VALUES (45,'Ferme au Chene','Rue Comte d''Ursel 36',6940,'Durbuy',100);
INSERT INTO Brewers VALUES (46,'Friart','Rue d'' Houdeng 20',7070,'Le Roeulx',18000);
INSERT INTO Brewers VALUES (47,'Gaverhopke','Steenbrugstraat 187',8530,'Harelbeke- Stasegem',800);
INSERT INTO Brewers VALUES (48,'Gigi','Grand rue 96',6769,'Gerouville',4000);
INSERT INTO Brewers VALUES (49,'Girardin','Lindenberg 10',1700,'Sint-Ulriks-Kapelle',3900);
INSERT INTO Brewers VALUES (50,'Gouden Boom','Langestraat 45',8000,'Brugge',20000);
INSERT INTO Brewers VALUES (51,'Haacht','Provinciesteenweg 28',3190,'Boortmeerbeek',1100000);
INSERT INTO Brewers VALUES (53,'Hanssens','Vroenenbosstraat 15',1653,'Dworp',500);
INSERT INTO Brewers VALUES (54,'Hopduvel','Coupure links 625',9000,'Gent',550);
INSERT INTO Brewers VALUES (55,'Hopperd','Matestraat 7',2230,'Ramsel',0);
INSERT INTO Brewers VALUES (56,'Huyghe','Brusselsesteenweg 282',9090,'Melle',50000);
INSERT INTO Brewers VALUES (57,'John Martin','Rue du Cerf 191',1332,'Genval',0);
INSERT INTO Brewers VALUES (58,'Jupiler','Rue de Vise 243',4020,'Jupille-sur-Meuse',2200000);
INSERT INTO Brewers VALUES (59,'K.I.H.O.','Gebroeders de Smetstraat 1',9000,'Gent',0);
INSERT INTO Brewers VALUES (60,'Keersmaeker (De)','Lierput 1',1730,'Kobbegem',60000);
INSERT INTO Brewers VALUES (62,'Koninck - Antwerpen (De)','Mechelsesteenweg 291',2018,'Antwerpen',140000);
INSERT INTO Brewers VALUES (64,'Lefebvre','Rue de Croly 54',1430,'Quenast',15000);
INSERT INTO Brewers VALUES (65,'Leroy','Diksmuideseweg 406',8904,'Boezinge',32000);
INSERT INTO Brewers VALUES (66,'Liefmans','Aalststraat 200',9700,'Oudenaarde',10000);
INSERT INTO Brewers VALUES (67,'Lindemans','Lenniksebaan 1479',1602,'Vlezenbeek',19000);
INSERT INTO Brewers VALUES (68,'Louwaege','Markt 14',8610,'Kortemark',22000);
INSERT INTO Brewers VALUES (69,'Maes','Waarloosveld 10',2550,'Waarloos',1150000);
INSERT INTO Brewers VALUES (70,'Martens','Reppelerweg 1',3950,'Bocholt',600000);
INSERT INTO Brewers VALUES (71,'Meesters','Hoogstraat 50',1570,'Galmaarden',160);
INSERT INTO Brewers VALUES (72,'Mibrana','Place de la station 2',5000,'Namur',380);
INSERT INTO Brewers VALUES (73,'Miroir','Koningin Astridplein 24-26',1090,'Jette',100);
INSERT INTO Brewers VALUES (74,'Moortgat','Breendonkdorp 58',2870,'Breendonk-Puurs',250000);
INSERT INTO Brewers VALUES (75,'Old Bailey','Kerkplein 5',8880,'St.-Eloois-Winkel',1200);
INSERT INTO Brewers VALUES (76,'Oleye','Rue d''Elmette 39',4300,'Oleye-Waremme',200);
INSERT INTO Brewers VALUES (78,'Orval','Orval 2',6823,'Villers-devant-Orval',37000);
INSERT INTO Brewers VALUES (79,'Paeleman','Boekakker 1',9230,'Wetteren',350);
INSERT INTO Brewers VALUES (80,'Pakhuis','Vlaamse kaai 76',2000,'Antwerpen',1200);
INSERT INTO Brewers VALUES (81,'Palm','Steenhuffeldorp 3',1840,'Steenhuffel',530000);
INSERT INTO Brewers VALUES (82,'Pater Van Damme','Jacob Van Maerlantstraat 2',8340,'Damme',7);
INSERT INTO Brewers VALUES (83,'Praile','Rue de la Praile 3',7120,'Peissant',24);
INSERT INTO Brewers VALUES (84,'Proefbrouwerij','Smalle Heerweg 78',9080,'Lochristi',500);
INSERT INTO Brewers VALUES (85,'Ranke','Brugstraat 43',8560,'Wevelgem',100);
INSERT INTO Brewers VALUES (86,'Regenboog','Astridlaan 134',8310,'Assebroek-Brugge',0);
INSERT INTO Brewers VALUES (87,'Riva','Wontergemstraat 42',8720,'Dentergem',115000);
INSERT INTO Brewers VALUES (88,'Roberg','Rodebergstraat 46',8954,'Westouter',1000);
INSERT INTO Brewers VALUES (89,'Rochefort','Rue de l''abbaye 8',5580,'Rochefort',15000);
INSERT INTO Brewers VALUES (90,'Rochefortoise','Rue du Treux 43b',5580,'Eprave',0);
INSERT INTO Brewers VALUES (91,'Rocs','Chaussee Brunehaut 37',7387,'Montignies-sur-Roc',500);
INSERT INTO Brewers VALUES (92,'Rodenbach','Spanjestraat 133',8800,'Roeselare',150000);
INSERT INTO Brewers VALUES (93,'Roman','Hauwaert 61',9700,'Oudenaarde-Mater',100000);
INSERT INTO Brewers VALUES (94,'Ruwet','Rue Victor Besme 27',4800,'Verviers',100);
INSERT INTO Brewers VALUES (95,'Ryck (De)','Kerkstraat 28',9550,'Herzele',6000);
INSERT INTO Brewers VALUES (96,'Schuur','Gobbelsrode 75',3220,'Kortrijk-Dutsel',0);
INSERT INTO Brewers VALUES (97,'Silenrieux','Rue Noupre 1',5630,'Silenrieux',500);
INSERT INTO Brewers VALUES (98,'Silly','Ville Basse A 141',7830,'Silly',12000);
INSERT INTO Brewers VALUES (99,'Slaghmuylder','Denderhoutembaan 2',9400,'Ninove',6500);
INSERT INTO Brewers VALUES (100,'Smedt (De)','Ringlaan 18',1745,'Opwijk',50000);
INSERT INTO Brewers VALUES (101,'St. Bernardus','Trappistenweg 23',8978,'Watou',13000);
INSERT INTO Brewers VALUES (102,'St. Guibert','Rue de Riquau 1',1435,'Mont-Saint-Guibert',350000);
INSERT INTO Brewers VALUES (103,'St. Jozef','Itterplein 19',3960,'Opitter',65000);
INSERT INTO Brewers VALUES (104,'Steedje','Schoolstraat 45b',8460,'Ettelgem',1000);
INSERT INTO Brewers VALUES (105,'Sterkens','Meerdorp 20',2321,'Meer',8613);
INSERT INTO Brewers VALUES (106,'Straffe Hendrik','Walplein 26',8000,'Brugge',5800);
INSERT INTO Brewers VALUES (107,'Strubbe','Markt 1',8480,'Ichtegem',20000);
INSERT INTO Brewers VALUES (108,'Timmermans','Kerkstraat 11',1701,'Itterbeek',10000);
INSERT INTO Brewers VALUES (109,'Tour','Rue Chera 9',4180,'Comblain-la-Tour',240);
INSERT INTO Brewers VALUES (110,'Troch (De)','Langestraat 20',1741,'Ternat-Wambeek',3500);
INSERT INTO Brewers VALUES (111,'Union','Rue Derbeque 7',6040,'Jumet',200000);
INSERT INTO Brewers VALUES (112,'Van Den Bossche','Sint-Lievensplein 16',9550,'Sint- Lievens-Esse',1700);
INSERT INTO Brewers VALUES (113,'Van Eecke','Douvieweg 2',8978,'Watou',10000);
INSERT INTO Brewers VALUES (114,'Van Honsebrouck','Oostrozebekestraat 43',8770,'Ingelmunster',80000);
INSERT INTO Brewers VALUES (115,'Vander Linden','Brouwerijstraat 2',1500,'Halle',2000);
INSERT INTO Brewers VALUES (116,'Vandervelden Henri','Laarheidestraat 230',1650,'Beersel',500);
INSERT INTO Brewers VALUES (117,'Vapeur','Rue de Marechal 1',7904,'Pipaix-Leuze',1000);
INSERT INTO Brewers VALUES (118,'Verhaeghe','Beukenhofstraat 96',8570,'Vichte',7200);
INSERT INTO Brewers VALUES (119,'Vervifontaine','xxx',0,'fontaine-Jalhay',0);
INSERT INTO Brewers VALUES (120,'Villers','Liezeledorp 37',2870,'Liezele-Puurs',1450);
INSERT INTO Brewers VALUES (121,'Walrave','Lepelstraat 36',9270,'Laarne',2500);
INSERT INTO Brewers VALUES (122,'Weldebroec','Mechelse Steenweg 53',2830,'Willebroek',800);
INSERT INTO Brewers VALUES (123,'Westmalle','Antwerpsesteenweg 496',2390,'Malle',125000);
INSERT INTO Brewers VALUES (124,'Westvleteren','Donkerstraat 12',8640,'Westvleteren',4000);
INSERT INTO Brewers VALUES (125,'Wieze','Nieuwstraat 1',9280,'Wieze',120000);
INSERT INTO Brewers VALUES (126,'Zwingel','Damweg 6',8530,'Harelbeke',250);

CREATE TABLE Categories (
  Id int(11) NOT NULL auto_increment,
  Category varchar(50) default NULL,
  PRIMARY KEY  (Id)
) ENGINE=InnoDB;

INSERT INTO Categories VALUES (2,'Alcoholarm');
INSERT INTO Categories VALUES (3,'Alcoholvrij');
INSERT INTO Categories VALUES (4,'Ale');
INSERT INTO Categories VALUES (5,'Alt');
INSERT INTO Categories VALUES (6,'Amber');
INSERT INTO Categories VALUES (8,'Bierette');
INSERT INTO Categories VALUES (11,'Bitter');
INSERT INTO Categories VALUES (12,'Donkerbok');
INSERT INTO Categories VALUES (13,'Dort');
INSERT INTO Categories VALUES (14,'Dubbel Donker');
INSERT INTO Categories VALUES (15,'Edelbier');
INSERT INTO Categories VALUES (18,'Extra');
INSERT INTO Categories VALUES (19,'Faro');
INSERT INTO Categories VALUES (21,'Gerstewijn');
INSERT INTO Categories VALUES (22,'Geuze');
INSERT INTO Categories VALUES (25,'Helderbok');
INSERT INTO Categories VALUES (26,'IJsbier');
INSERT INTO Categories VALUES (31,'Lambik');
INSERT INTO Categories VALUES (33,'Lichtblond');
INSERT INTO Categories VALUES (34,'Light');
INSERT INTO Categories VALUES (35,'Mars');
INSERT INTO Categories VALUES (36,'Massieve Ale');
INSERT INTO Categories VALUES (42,'Pils');
INSERT INTO Categories VALUES (44,'Rookbier');
INSERT INTO Categories VALUES (45,'Saison');
INSERT INTO Categories VALUES (46,'Scotch');
INSERT INTO Categories VALUES (49,'Stout');
INSERT INTO Categories VALUES (51,'Tafelbier');
INSERT INTO Categories VALUES (53,'Tarwebier of witbier');
INSERT INTO Categories VALUES (54,'Traditionele Faro');
INSERT INTO Categories VALUES (55,'Traditionele Geuze');
INSERT INTO Categories VALUES (56,'Traditionele Lambik');
INSERT INTO Categories VALUES (59,'Tripel');
INSERT INTO Categories VALUES (60,'Versnijbier');
INSERT INTO Categories VALUES (61,'Vlaams Bruin');
INSERT INTO Categories VALUES (62,'Vlaams Rood');
INSERT INTO Categories VALUES (64,'West-Vlaamse Geuze');
INSERT INTO Categories VALUES (65,'West-Vlaamse spontane Geuze');

-- BEERS --
CREATE TABLE Beers (
  Id int(11) NOT NULL AUTO_INCREMENT,
  Name varchar(100) DEFAULT NULL,
  BrewerId int(11) DEFAULT NULL,
  CategoryId int(11) DEFAULT NULL,
  Price float DEFAULT '0',
  Stock int(11) DEFAULT '0',
  Alcohol float DEFAULT '0',
  Version int(11) DEFAULT '0',
  Image blob,
  PRIMARY KEY (Id),
  KEY Beers_Brewer_idx (BrewerId),
  KEY Beers_Category_idx (CategoryId),
  CONSTRAINT Beers_Category FOREIGN KEY (CategoryId) REFERENCES Categories (Id),
  CONSTRAINT Beers_Brewer FOREIGN KEY (BrewerId) REFERENCES Brewers (Id)
) ENGINE=InnoDB DEFAULT CHARSET=utf8;


INSERT INTO Beers VALUES (4,'A.C.O.',104,18,2.75,100,7,0,NULL);
INSERT INTO Beers VALUES (5,'Aalbeeks St. Corneliusbier  (=Kapittel pater (Het))',113,18,2.65,100,6,0,NULL);
INSERT INTO Beers VALUES (7,'Aardbeien witbier',56,53,2.24,100,2,0,NULL);
INSERT INTO Beers VALUES (8,'Aarschots kruikenbier (=St. Sebastiaan grand cru)',105,15,2.75,100,7,0,NULL);
INSERT INTO Beers VALUES (10,'Abt Bijbier (Nen)',33,18,2.75,100,7,0,NULL);
INSERT INTO Beers VALUES (11,'Adler',51,42,2.65,100,6,0,NULL);
INSERT INTO Beers VALUES (12,'Aerts 1900',81,14,2.75,100,7,0,NULL);
INSERT INTO Beers VALUES (13,'Affligem blond (Abdij)',100,33,2.75,100,7,0,NULL);
INSERT INTO Beers VALUES (14,'Affligem christmas ale (Abdij)',100,36,2.96,100,9,0,NULL);
INSERT INTO Beers VALUES (15,'Affligem dubbel (Abdij)',100,14,2.75,100,7,0,NULL);
INSERT INTO Beers VALUES (16,'Affligem patersvat',100,33,2.75,100,7,0,NULL);
INSERT INTO Beers VALUES (17,'Affligem tripel (Abdij)',100,59,2.86,100,8,0,NULL);
INSERT INTO Beers VALUES (18,'Akila pilsener',68,42,2.55,100,5,0,NULL);
INSERT INTO Beers VALUES (20,'Aldegonde brune',72,36,2.86,100,8,0,NULL);
INSERT INTO Beers VALUES (21,'Aldegonde cuvee',72,15,2.75,100,7,0,NULL);
INSERT INTO Beers VALUES (22,'Aldegonde speciale',72,36,2.86,100,8,0,NULL);
INSERT INTO Beers VALUES (23,'Ale brau (=Vega pils)',58,42,2.55,100,5,0,NULL);
INSERT INTO Beers VALUES (24,'Alexander Rodenbach',92,62,2.65,100,6,0,NULL);
INSERT INTO Beers VALUES (25,'Alfa (=Huyghe blond)',56,51,2.24,100,2,0,NULL);
INSERT INTO Beers VALUES (26,'Alfri',93,2,2.04,100,0,0,NULL);
INSERT INTO Beers VALUES (27,'Alken faro',2,51,2.14,100,1,0,NULL);
INSERT INTO Beers VALUES (28,'Alken faro',69,51,2.14,100,1,0,NULL);
INSERT INTO Beers VALUES (29,'Alken special blonde',2,51,2.14,100,1,0,NULL);
INSERT INTO Beers VALUES (30,'Alken special blonde',69,51,2.14,100,1,0,NULL);
INSERT INTO Beers VALUES (31,'Alken-Maes export',69,42,2.45,100,4,0,NULL);
INSERT INTO Beers VALUES (32,'All Black',21,18,2.65,100,6,0,NULL);
INSERT INTO Beers VALUES (34,'Ambiorix dubbel',99,14,2.86,100,8,0,NULL);
INSERT INTO Beers VALUES (38,'Amelie',76,15,2.86,100,8,0,NULL);
INSERT INTO Beers VALUES (39,'Amelie cerise',76,18,2.65,100,6,0,NULL);
INSERT INTO Beers VALUES (40,'Amuzantje (=Lamoral Degmont)',112,15,2.86,100,8,0,NULL);
INSERT INTO Beers VALUES (41,'Anglo pils',2,42,2.45,100,4,0,NULL);
INSERT INTO Beers VALUES (42,'Ankerpils (=Wieze pils)',125,42,2.55,100,5,0,NULL);
INSERT INTO Beers VALUES (43,'Anpavi (=Mengsel La Folie/Saison de Pipaix)',117,15,2.75,100,7,0,NULL);
INSERT INTO Beers VALUES (48,'Anvinoise  (=Beloeil (La biere de))',37,15,2.86,100,8,0,NULL);
INSERT INTO Beers VALUES (49,'Arabier',32,11,2.86,100,8,0,NULL);
INSERT INTO Beers VALUES (51,'Ardenne blonde (Biere d'')',21,15,2.86,100,8,0,NULL);
INSERT INTO Beers VALUES (52,'Argus pils (=Premium pilsener)',70,42,2.55,100,5,0,NULL);
INSERT INTO Beers VALUES (53,'Argus witte (=Limburgse witte)',103,53,2.55,100,5,0,NULL);
INSERT INTO Beers VALUES (54,'Arjaun (=Lamoral Degmont)',112,15,2.86,100,8,0,NULL);
INSERT INTO Beers VALUES (55,'Aro pils (=Haacht pils)',51,42,2.45,100,4,0,NULL);
INSERT INTO Beers VALUES (58,'Arsouye blonde  (=St. Benoit blonde)',17,33,2.65,100,6,0,NULL);
INSERT INTO Beers VALUES (59,'Arsouye brune  (=St. Benoit brune (brassin special))',17,36,2.86,100,8,0,NULL);
INSERT INTO Beers VALUES (60,'Artevelde',56,6,2.55,100,5,0,NULL);
INSERT INTO Beers VALUES (61,'Artevelde grand cru',56,33,2.65,100,6,0,NULL);
INSERT INTO Beers VALUES (62,'Artevelde grand cru op gist',56,33,2.75,100,7,0,NULL);
INSERT INTO Beers VALUES (63,'Artevelde op gist',56,18,2.75,100,7,0,NULL);
INSERT INTO Beers VALUES (64,'Artisan reuzebier',29,15,2.86,100,8,0,NULL);
INSERT INTO Beers VALUES (65,'Astor',56,15,2.86,100,8,0,NULL);
INSERT INTO Beers VALUES (66,'Atlas (=Vega pils)',58,42,2.55,100,5,0,NULL);
INSERT INTO Beers VALUES (68,'Augustijn',14,15,2.86,100,8,0,NULL);
INSERT INTO Beers VALUES (69,'Augustijn grand cru',14,21,2.96,100,9,0,NULL);
INSERT INTO Beers VALUES (70,'Aulne 6 sur lie (Abbaye d'')',100,14,2.65,100,6,0,NULL);
INSERT INTO Beers VALUES (71,'Aulne 8 selection (Abbaye d'')',100,14,2.86,100,8,0,NULL);
INSERT INTO Beers VALUES (72,'Aulne 10 superbe (Abbaye d'')',100,36,3.06,100,10,0,NULL);
INSERT INTO Beers VALUES (73,'Aulne blonde des peres (Abbaye d'')',100,33,2.75,100,7,0,NULL);
INSERT INTO Beers VALUES (74,'Aulne super noel (Abbaye d'')',100,14,2.75,100,7,0,NULL);
INSERT INTO Beers VALUES (75,'Aulne triple (Abbaye d'')',100,59,2.96,100,9,0,NULL);
INSERT INTO Beers VALUES (77,'Autreppe (Special)',91,21,2.96,100,9,0,NULL);
INSERT INTO Beers VALUES (78,'Auveloise (=Bonne Esperance (Abbaye de))',64,15,2.86,100,8,0,NULL);
INSERT INTO Beers VALUES (79,'Bacchus',114,62,2.45,100,4,0,NULL);
INSERT INTO Beers VALUES (80,'Bakelandt (=Poperings hommelbier)',113,15,2.75,100,7,0,NULL);
INSERT INTO Beers VALUES (81,'Balens kruierke',56,18,2.65,100,6,0,NULL);
INSERT INTO Beers VALUES (82,'Ballotil  (=Mengsel La Folie/Saison de Pipaix)',117,15,2.75,100,7,0,NULL);
INSERT INTO Beers VALUES (84,'Baptiste (=Riva triple abdij)',87,15,2.75,100,7,0,NULL);
INSERT INTO Beers VALUES (85,'Barbar',64,15,2.86,100,8,0,NULL);
INSERT INTO Beers VALUES (86,'Bass pale ale',6,4,2.55,100,5,0,NULL);
INSERT INTO Beers VALUES (87,'Bastions cuvee speciale (Les)',21,18,2.75,100,7,0,NULL);
INSERT INTO Beers VALUES (89,'Bavaro',51,51,2.35,100,3,0,NULL);
INSERT INTO Beers VALUES (90,'Bavik dinner beer blond',8,51,2.14,100,1,0,NULL);
INSERT INTO Beers VALUES (91,'Bavik dinner beer faro',8,51,2.14,100,1,0,NULL);
INSERT INTO Beers VALUES (92,'Bavik export',8,42,2.55,100,5,0,NULL);
INSERT INTO Beers VALUES (93,'Bavik premium pils',8,42,2.55,100,5,0,NULL);
INSERT INTO Beers VALUES (94,'Bavik triple bock',8,51,2.24,100,2,0,NULL);
INSERT INTO Beers VALUES (95,'Bavik witbier',8,53,2.55,100,5,0,NULL);
INSERT INTO Beers VALUES (97,'Becasse framboise lambic  (=Belle Vue frambozen)',11,22,2.55,100,5,0,NULL);
INSERT INTO Beers VALUES (98,'Becasse gueuze lambic  (=Belle Vue gueuze)',11,22,2.55,100,5,0,NULL);
INSERT INTO Beers VALUES (99,'Becasse kriek  (=Belle Vue kriek)',11,22,2.55,100,5,0,NULL);
INSERT INTO Beers VALUES (100,'Becasse kriek primeur ''96',11,22,2.55,100,5,0,NULL);
INSERT INTO Beers VALUES (101,'Becasse lambik  (=De Neve lambik)',9,31,2.55,100,5,0,NULL);
INSERT INTO Beers VALUES (102,'Bel pils',74,42,2.55,100,5,0,NULL);
INSERT INTO Beers VALUES (103,'Belgian ale traditional gueuze',19,22,2.65,100,6,0,NULL);
INSERT INTO Beers VALUES (105,'Belgo (=Dupont biologique (Saison))',37,18,2.55,100,5,0,NULL);
INSERT INTO Beers VALUES (106,'Bell christmas',93,14,2.86,100,8,0,NULL);
INSERT INTO Beers VALUES (108,'Belle Vue framboise',11,22,2.55,100,5,0,NULL);
INSERT INTO Beers VALUES (109,'Belle Vue frambozenlambik',9,56,2.55,100,5,0,NULL);
INSERT INTO Beers VALUES (110,'Belle Vue gueuze',11,22,2.55,100,5,0,NULL);
INSERT INTO Beers VALUES (111,'Belle Vue kriek',11,22,2.55,100,5,0,NULL);
INSERT INTO Beers VALUES (112,'Belle Vue kriek L.A.',11,22,2.14,100,1,0,NULL);
INSERT INTO Beers VALUES (113,'Belle Vue kriekenlambik',9,56,2.55,100,5,0,NULL);
INSERT INTO Beers VALUES (114,'Belle Vue lambik',9,56,2.55,100,5,0,NULL);
INSERT INTO Beers VALUES (115,'Belle Vue Selection Lambic gueuze',9,55,2.55,100,5,0,NULL);
INSERT INTO Beers VALUES (117,'Bellegems witbier',43,53,2.55,100,5,0,NULL);
INSERT INTO Beers VALUES (118,'Beloeil (La biere de)',37,15,2.86,100,8,0,NULL);
INSERT INTO Beers VALUES (119,'Belseels kerstbier',18,14,2.86,100,8,0,NULL);
INSERT INTO Beers VALUES (120,'Berenbier/Biere des Ours',13,36,2.86,100,8,0,NULL);
INSERT INTO Beers VALUES (121,'Bergenbrau',6,42,2.45,100,4,0,NULL);
INSERT INTO Beers VALUES (122,'Bergeotte normale  (=Regal (Saison))',17,18,2.65,100,6,0,NULL);
INSERT INTO Beers VALUES (123,'Bergeotte speciale  (=St. Benoit brune (brassin special))',17,15,2.86,100,8,0,NULL);
INSERT INTO Beers VALUES (124,'Beselaars Heksenbier (=Poperings hommelbier)',113,15,2.75,100,7,0,NULL);
INSERT INTO Beers VALUES (125,'Bieken',18,15,2.86,100,8,0,NULL);
INSERT INTO Beers VALUES (127,'Bier voor Vader \"A\"',14,42,2.55,100,5,0,NULL);
INSERT INTO Beers VALUES (128,'Bier voor Vader \"D\"',14,42,2.55,100,5,0,NULL);
INSERT INTO Beers VALUES (129,'Bier voor Vader \"E\"',14,42,2.55,100,5,0,NULL);
INSERT INTO Beers VALUES (130,'Bier voor Vader \"R\"',14,42,2.55,100,5,0,NULL);
INSERT INTO Beers VALUES (131,'Bier voor Vader \"V\"',14,42,2.55,100,5,0,NULL);
INSERT INTO Beers VALUES (132,'Biertoren blond',56,51,2.04,100,0,0,NULL);
INSERT INTO Beers VALUES (133,'Biertoren bruno',56,51,2.14,100,1,0,NULL);
INSERT INTO Beers VALUES (134,'Biertoren special',56,51,2.14,100,1,0,NULL);
INSERT INTO Beers VALUES (135,'Big Chouffe (=Chouffe )',1,15,2.86,100,8,0,NULL);
INSERT INTO Beers VALUES (136,'Billekarreke (=Riva triple abdij)',87,15,2.75,100,7,0,NULL);
INSERT INTO Beers VALUES (137,'Bilzers bruin',103,14,2.75,100,7,0,NULL);
INSERT INTO Beers VALUES (138,'Binchoise blonde  (=St. Benoit blonde)',17,33,2.65,100,6,0,NULL);
INSERT INTO Beers VALUES (139,'Binchoise brune  (=St. Benoit brune (brassin special))',17,36,2.86,100,8,0,NULL);
INSERT INTO Beers VALUES (140,'Binchoise special noel',13,21,2.96,100,9,0,NULL);
INSERT INTO Beers VALUES (143,'Bios blond',14,51,2.24,100,2,0,NULL);
INSERT INTO Beers VALUES (144,'Bios bruin',14,51,2.24,100,2,0,NULL);
INSERT INTO Beers VALUES (145,'Bios Vlaamse bourgogne',14,62,2.55,100,5,0,NULL);
INSERT INTO Beers VALUES (146,'Bisounette  (=St. Benoit brune)',17,18,2.65,100,6,0,NULL);
INSERT INTO Beers VALUES (147,'Black Gosh',44,15,2.86,100,8,0,NULL);
INSERT INTO Beers VALUES (150,'Bleeken Moriaen (=Kapittel abt (Het))',113,21,3.06,100,10,0,NULL);
INSERT INTO Beers VALUES (155,'Blok-bok (Nen)',33,12,2.75,100,7,0,NULL);
INSERT INTO Beers VALUES (156,'Blondine',54,15,2.86,100,8,0,NULL);
INSERT INTO Beers VALUES (157,'Boals kruikenbier triple (=St. Sebastiaan grand cru)',105,59,2.75,100,7,0,NULL);
INSERT INTO Beers VALUES (159,'Bock premium pils',81,42,2.55,100,5,0,NULL);
INSERT INTO Beers VALUES (160,'Bockhauser pils (=Haacht pils)',51,42,2.45,100,4,0,NULL);
INSERT INTO Beers VALUES (166,'Boeg pils',70,42,2.55,100,5,0,NULL);
INSERT INTO Beers VALUES (167,'Bois Bouquet (Trappiste du)',91,36,2.96,100,9,0,NULL);
INSERT INTO Beers VALUES (168,'Bokkereyer',103,6,2.55,100,5,0,NULL);
INSERT INTO Beers VALUES (169,'Bokrijk hoevebier 6',105,18,2.65,100,6,0,NULL);
INSERT INTO Beers VALUES (170,'Bokrijk hoevebier 8',105,15,2.86,100,8,0,NULL);
INSERT INTO Beers VALUES (171,'Bokrijks kruikenbier',105,15,2.75,100,7,0,NULL);
INSERT INTO Beers VALUES (172,'Bol d''or',39,33,2.55,100,5,0,NULL);
INSERT INTO Beers VALUES (173,'Bonde (Biere de la) (=Kapittel abt (Het))',113,21,3.06,100,10,0,NULL);
INSERT INTO Beers VALUES (174,'Bonne Esperance (Abbaye de)',64,15,2.86,100,8,0,NULL);
INSERT INTO Beers VALUES (175,'Bons voeux (Avec les -- de la brasserie)',37,21,2.96,100,9,0,NULL);
INSERT INTO Beers VALUES (176,'Boon frambozenbier',19,55,2.65,100,6,0,NULL);
INSERT INTO Beers VALUES (177,'Boon frambozenbier 1986',19,55,2.65,100,6,0,NULL);
INSERT INTO Beers VALUES (178,'Boon geuze',19,55,2.65,100,6,0,NULL);
INSERT INTO Beers VALUES (179,'Boon geuze mariage parfait',19,55,2.65,100,6,0,NULL);
INSERT INTO Beers VALUES (180,'Boon kriek',19,55,2.55,100,5,0,NULL);
INSERT INTO Beers VALUES (181,'Boon kriek mariage parfait',19,55,2.65,100,6,0,NULL);
INSERT INTO Beers VALUES (182,'Boon lambik',19,56,2.65,100,6,0,NULL);
INSERT INTO Beers VALUES (184,'Bornem dubbel',14,14,2.86,100,8,0,NULL);
INSERT INTO Beers VALUES (185,'Bornem tripel',14,59,2.96,100,9,0,NULL);
INSERT INTO Beers VALUES (186,'Bosbier',103,18,2.55,100,5,0,NULL);
INSERT INTO Beers VALUES (187,'Boskeun',32,33,2.75,100,7,0,NULL);
INSERT INTO Beers VALUES (188,'Bosquetia',17,14,2.75,100,7,0,NULL);
INSERT INTO Beers VALUES (189,'Boucanier (Biere du) (=Piraat)',14,21,3.06,100,10,0,NULL);
INSERT INTO Beers VALUES (190,'Bourgogne des Flandres',108,60,2.65,100,6,0,NULL);
INSERT INTO Beers VALUES (191,'Bousval blonde speciale (=Floreffe blonde)',64,33,2.75,100,7,0,NULL);
INSERT INTO Beers VALUES (192,'Bousval brune speciale (=Floreffe double)',64,14,2.75,100,7,0,NULL);
INSERT INTO Beers VALUES (193,'Boxer christmas beer (=Affligem christmas ale)',100,36,2.96,100,9,0,NULL);
INSERT INTO Beers VALUES (196,'Brave Broeder (=Super 64)',98,18,2.55,100,5,0,NULL);
INSERT INTO Beers VALUES (197,'Brigand',114,21,2.96,100,9,0,NULL);
INSERT INTO Beers VALUES (198,'Brigand christmas',114,21,2.96,100,9,0,NULL);
INSERT INTO Beers VALUES (199,'Brogne donker (Abbaye de) (=Affligem dubbel (Abdij))',100,14,2.75,100,7,0,NULL);
INSERT INTO Beers VALUES (200,'Brogne triple (Abbaye de) (=Affligem tripel (Abdij))',100,59,2.86,100,8,0,NULL);
INSERT INTO Beers VALUES (201,'Broqueroise de l''abbaye de St. Denis  (=Moinette blonde)',37,15,2.86,100,8,0,NULL);
INSERT INTO Beers VALUES (202,'Brewers van de Dijle (De) (=Lamot pilsor)',6,42,2.55,100,5,0,NULL);
INSERT INTO Beers VALUES (204,'Brouwmeester alcohol vrij bier',2,2,2.04,100,0,0,NULL);
INSERT INTO Beers VALUES (205,'Brouwmeester pilsener',70,42,2.55,100,5,0,NULL);
INSERT INTO Beers VALUES (207,'Brug ale Belge',98,6,2.55,100,5,0,NULL);
INSERT INTO Beers VALUES (209,'Brugs tarwebier',50,53,2.55,100,5,0,NULL);
INSERT INTO Beers VALUES (210,'Brugse straffe Hendrik',106,33,2.65,100,6,0,NULL);
INSERT INTO Beers VALUES (211,'Brugse tripel',50,59,2.96,100,9,0,NULL);
INSERT INTO Beers VALUES (213,'Brunehaut tradition amber',21,18,2.65,100,6,0,NULL);
INSERT INTO Beers VALUES (214,'Brunehaut villages blond',21,33,2.65,100,6,0,NULL);
INSERT INTO Beers VALUES (215,'Brunette',54,36,2.96,100,9,0,NULL);
INSERT INTO Beers VALUES (216,'Bruocsella 1900 grand cru',22,56,2.55,100,5,0,NULL);
INSERT INTO Beers VALUES (217,'Brussels gold (=Pax pils)',103,42,2.45,100,4,0,NULL);
INSERT INTO Beers VALUES (218,'Brussels gold (=Pax pils)',103,42,2.55,100,5,0,NULL);
INSERT INTO Beers VALUES (219,'Brussels white (=Limburgse witte)',103,53,2.55,100,5,0,NULL);
INSERT INTO Beers VALUES (220,'Brusselse witte (=Student)',64,53,2.45,100,4,0,NULL);
INSERT INTO Beers VALUES (221,'Bruyere blonde  (=Fakir)',13,33,2.65,100,6,0,NULL);
INSERT INTO Beers VALUES (222,'Bruyere brune  (=Reserve Marie de Hongrie)',13,36,2.86,100,8,0,NULL);
INSERT INTO Beers VALUES (223,'Bruynen Moriaen (=Kapittel prior (Het))',113,36,2.96,100,9,0,NULL);
INSERT INTO Beers VALUES (224,'Buffalo',112,14,2.55,100,5,0,NULL);
INSERT INTO Beers VALUES (225,'Bumke (=Pater Lieven)',112,14,2.55,100,5,0,NULL);
INSERT INTO Beers VALUES (227,'Bush beer',36,21,3.26,100,12,0,NULL);
INSERT INTO Beers VALUES (228,'Bush beer 7',36,15,2.75,100,7,0,NULL);
INSERT INTO Beers VALUES (229,'Bush de Noel',36,21,3.26,100,12,0,NULL);
INSERT INTO Beers VALUES (230,'Buxus blonde  (=Fakir)',13,33,2.65,100,6,0,NULL);
INSERT INTO Beers VALUES (231,'Buxus brune  (=Reserve Marie de Hongrie)',13,36,2.86,100,8,0,NULL);
INSERT INTO Beers VALUES (232,'C.T.S. Scotch',6,46,2.75,100,7,0,NULL);
INSERT INTO Beers VALUES (233,'Cambrinus',118,6,2.45,100,4,0,NULL);
INSERT INTO Beers VALUES (234,'Campagnarde  brune',83,36,2.96,100,9,0,NULL);
INSERT INTO Beers VALUES (235,'Campbell''s christmas',6,46,2.86,100,8,0,NULL);
INSERT INTO Beers VALUES (236,'Campbell''s scotch',6,46,2.65,100,6,0,NULL);
INSERT INTO Beers VALUES (238,'Campus',56,33,2.75,100,7,0,NULL);
INSERT INTO Beers VALUES (239,'Campus gold',56,33,2.65,100,6,0,NULL);
INSERT INTO Beers VALUES (240,'Canebiere',44,15,2.86,100,8,0,NULL);
INSERT INTO Beers VALUES (241,'Cantillon faro',22,54,2.55,100,5,0,NULL);
INSERT INTO Beers VALUES (242,'Cantillon kriek',22,55,2.55,100,5,0,NULL);
INSERT INTO Beers VALUES (243,'Cantillon kriek lambik',22,56,2.55,100,5,0,NULL);
INSERT INTO Beers VALUES (244,'Cantillon lambik',22,56,2.55,100,5,0,NULL);
INSERT INTO Beers VALUES (245,'Cantillon super gueuze',22,55,2.55,100,5,0,NULL);
INSERT INTO Beers VALUES (246,'Cara pils',69,42,2.55,100,5,0,NULL);
INSERT INTO Beers VALUES (247,'Caracole ambree',23,18,2.75,100,7,0,NULL);
INSERT INTO Beers VALUES (249,'Caracole brune',23,14,2.75,100,7,0,NULL);
INSERT INTO Beers VALUES (250,'Caramel biere de table',41,51,2.14,100,1,0,NULL);
INSERT INTO Beers VALUES (252,'Carioca classic',56,18,2.55,100,5,0,NULL);
INSERT INTO Beers VALUES (253,'Carnav-ale (kruik) (=St. Sebastiaan grand cru)',105,15,2.75,100,7,0,NULL);
INSERT INTO Beers VALUES (254,'Caves',118,18,2.55,100,5,0,NULL);
INSERT INTO Beers VALUES (255,'Caza cuvee speciale (=Mengsel La Folie/Saison de Pipaix)',117,15,2.75,100,7,0,NULL);
INSERT INTO Beers VALUES (256,'Celis pale bock',100,25,2.55,100,5,0,NULL);
INSERT INTO Beers VALUES (258,'Celis white',100,53,2.55,100,5,0,NULL);
INSERT INTO Beers VALUES (260,'Cervesia',37,15,2.86,100,8,0,NULL);
INSERT INTO Beers VALUES (261,'Cervoise de l''Avouerie d''Anthisnes (=Silly (Saison))',98,18,2.55,100,5,0,NULL);
INSERT INTO Beers VALUES (262,'Cervoise de l''Ecluse blonde  (=Fakir)',13,33,2.65,100,6,0,NULL);
INSERT INTO Beers VALUES (263,'Cervoise de l''Ecluse brune  (=Reserve Marie de Hongrie)',13,36,2.86,100,8,0,NULL);
INSERT INTO Beers VALUES (264,'Cervoise de Leptines (=Beloeil (La biere de))',37,15,2.86,100,8,0,NULL);
INSERT INTO Beers VALUES (265,'Cervoise de St. Gery  (=Moinette blonde)',37,15,2.86,100,8,0,NULL);
INSERT INTO Beers VALUES (266,'Cervoise des Ancetres grand cru (=St. Sebastiaan grand cru)',105,15,2.75,100,7,0,NULL);
INSERT INTO Beers VALUES (267,'Cervoise des Francs-Gaulois  (=Moinette blonde)',37,15,2.86,100,8,0,NULL);
INSERT INTO Beers VALUES (268,'Cezarken',29,18,2.55,100,5,0,NULL);
INSERT INTO Beers VALUES (269,'Chapeau abricot lambic',110,31,2.35,100,3,0,NULL);
INSERT INTO Beers VALUES (270,'Chapeau exotic',110,31,2.35,100,3,0,NULL);
INSERT INTO Beers VALUES (271,'Chapeau faro',110,19,2.45,100,4,0,NULL);
INSERT INTO Beers VALUES (272,'Chapeau fraises lambic',110,31,2.35,100,3,0,NULL);
INSERT INTO Beers VALUES (273,'Chapeau framboise',110,31,2.35,100,3,0,NULL);
INSERT INTO Beers VALUES (274,'Chapeau gueuze',110,22,2.55,100,5,0,NULL);
INSERT INTO Beers VALUES (275,'Chapeau kriek',110,31,2.35,100,3,0,NULL);
INSERT INTO Beers VALUES (276,'Chapeau mirabelle',110,31,2.35,100,3,0,NULL);
INSERT INTO Beers VALUES (277,'Chapeau peche',110,31,2.35,100,3,0,NULL);
INSERT INTO Beers VALUES (278,'Chapeau tropical',110,31,2.35,100,3,0,NULL);
INSERT INTO Beers VALUES (281,'Charlemagne (=Delirium Tremens)',56,21,2.96,100,9,0,NULL);
INSERT INTO Beers VALUES (282,'Charleroi (Blanche de)',21,53,2.75,100,7,0,NULL);
INSERT INTO Beers VALUES (283,'Charles Quint',51,14,2.75,100,7,0,NULL);
INSERT INTO Beers VALUES (284,'Chateau Saint-Henri Cuvee speciale',72,53,2.45,100,4,0,NULL);
INSERT INTO Beers VALUES (285,'Chimay blauw',25,36,2.96,100,9,0,NULL);
INSERT INTO Beers VALUES (286,'Chimay cinq cents (=Chimay wit)',25,15,2.86,100,8,0,NULL);
INSERT INTO Beers VALUES (287,'Chimay grande reserve (=Chimay blauw)',25,36,2.96,100,9,0,NULL);
INSERT INTO Beers VALUES (288,'Chimay premiere (=Chimay rood)',25,14,2.75,100,7,0,NULL);
INSERT INTO Beers VALUES (289,'Chimay rood',25,14,2.75,100,7,0,NULL);
INSERT INTO Beers VALUES (290,'Chimay wit',25,15,2.86,100,8,0,NULL);
INSERT INTO Beers VALUES (291,'Chouffe',1,15,2.86,100,8,0,NULL);
INSERT INTO Beers VALUES (292,'Chouffe-bok 6666',1,12,2.65,100,6,0,NULL);
INSERT INTO Beers VALUES (293,'Christmas-Beer',29,15,2.86,100,8,0,NULL);
INSERT INTO Beers VALUES (294,'Ciney blonde',111,33,2.75,100,7,0,NULL);
INSERT INTO Beers VALUES (295,'Ciney brune',111,14,2.75,100,7,0,NULL);
INSERT INTO Beers VALUES (296,'Ciney speciale',111,21,2.96,100,9,0,NULL);
INSERT INTO Beers VALUES (301,'Clermontoise  (=Ploquette )',94,15,2.75,100,7,0,NULL);
INSERT INTO Beers VALUES (302,'Club de Stella Artois',6,42,2.55,100,5,0,NULL);
INSERT INTO Beers VALUES (303,'Cnudde kriek',27,61,2.45,100,4,0,NULL);
INSERT INTO Beers VALUES (304,'Cnudde Oudenaards bruin',27,61,2.45,100,4,0,NULL);
INSERT INTO Beers VALUES (305,'Cochonette',117,21,2.96,100,9,0,NULL);
INSERT INTO Beers VALUES (306,'Con Domus (Nen)',33,11,2.55,100,5,0,NULL);
INSERT INTO Beers VALUES (307,'Contra-pils',28,42,2.45,100,4,0,NULL);
INSERT INTO Beers VALUES (308,'Contreras martzen bier',28,35,2.55,100,5,0,NULL);
INSERT INTO Beers VALUES (309,'Coq Hardi biere blonde de luxe',51,42,2.45,100,4,0,NULL);
INSERT INTO Beers VALUES (310,'Coq Hardi biere bock',51,51,2.35,100,3,0,NULL);
INSERT INTO Beers VALUES (311,'Coq Hardi pils (=Haacht pils)',51,42,2.45,100,4,0,NULL);
INSERT INTO Beers VALUES (312,'Coq Hardi speciale',51,42,2.65,100,6,0,NULL);
INSERT INTO Beers VALUES (314,'Corsaire biere rouge (Biere du)',56,18,2.75,100,7,0,NULL);
INSERT INTO Beers VALUES (316,'Corsendonk Agnus (=Moine (triple))',17,15,2.86,100,8,0,NULL);
INSERT INTO Beers VALUES (317,'Corsendonk Pater (=Bornem dubbel)',14,14,2.86,100,8,0,NULL);
INSERT INTO Beers VALUES (318,'Couckelaerschen Doedel',107,18,2.65,100,6,0,NULL);
INSERT INTO Beers VALUES (320,'Coy''Heimsen (=Kapittel pater (Het))',113,18,2.65,100,6,0,NULL);
INSERT INTO Beers VALUES (321,'Crack pils (=Sas pils)',65,42,2.45,100,4,0,NULL);
INSERT INTO Beers VALUES (322,'Cristal Alken',2,42,2.45,100,4,0,NULL);
INSERT INTO Beers VALUES (323,'Crupetoise  (=St. Benoit brune)',17,18,2.65,100,6,0,NULL);
INSERT INTO Beers VALUES (324,'Cubana ''59',57,18,2.45,100,4,0,NULL);
INSERT INTO Beers VALUES (327,'Cuvee 100 ans Domaine du Bois d''Anchin',91,21,2.96,100,9,0,NULL);
INSERT INTO Beers VALUES (328,'Cuvee Chateau des Flandres',54,14,2.86,100,8,0,NULL);
INSERT INTO Beers VALUES (329,'Cuvee d''Aristee - biere au miel',83,21,2.96,100,9,0,NULL);
INSERT INTO Beers VALUES (330,'Cuvee d''Aristee speciale noel',83,36,2.96,100,9,0,NULL);
INSERT INTO Beers VALUES (332,'Cuvee de Briqville (=Augustijn)',14,15,2.86,100,8,0,NULL);
INSERT INTO Beers VALUES (333,'Cuvee de Francorchamps (=Bonne Esperance (Abbaye de))',64,15,2.86,100,8,0,NULL);
INSERT INTO Beers VALUES (334,'Cuvee De Koninck',62,15,2.75,100,7,0,NULL);
INSERT INTO Beers VALUES (335,'Cuvee de l''An Neuf',23,49,2.86,100,8,0,NULL);
INSERT INTO Beers VALUES (336,'Cuvee de l''Ascension blonde (=Floreffe blonde)',64,33,2.75,100,7,0,NULL);
INSERT INTO Beers VALUES (337,'Cuvee de l''Ermitage',111,14,2.75,100,7,0,NULL);
INSERT INTO Beers VALUES (338,'Cuvee de l''Ermitage christmas',111,14,2.75,100,7,0,NULL);
INSERT INTO Beers VALUES (340,'Cuvee de la Gate',44,18,2.65,100,6,0,NULL);
INSERT INTO Beers VALUES (341,'Cuvee de la Pucelette (=Floreffe blonde)',64,18,2.75,100,7,0,NULL);
INSERT INTO Beers VALUES (343,'Cuvee de la Vieille Auberge (=Fagnes (Blonde des))',119,15,2.86,100,8,0,NULL);
INSERT INTO Beers VALUES (344,'Cuvee de Namur blonde',56,15,2.75,100,7,0,NULL);
INSERT INTO Beers VALUES (345,'Cuvee de Namur brune',56,14,2.65,100,6,0,NULL);
INSERT INTO Beers VALUES (349,'Cuvee de Winamplanche (=Mengsel La Folie/Saison de Pipaix)',117,15,2.75,100,7,0,NULL);
INSERT INTO Beers VALUES (350,'Cuvee de''l Sin Djosef',44,15,2.86,100,8,0,NULL);
INSERT INTO Beers VALUES (351,'Cuvee des Flandres triple',56,59,2.75,100,7,0,NULL);
INSERT INTO Beers VALUES (352,'Cuvee des moissons blonde (=Vapeur en folie )',117,15,2.86,100,8,0,NULL);
INSERT INTO Beers VALUES (353,'Cuvee des tietes de pipes blonde (=Fakir)',13,33,2.65,100,6,0,NULL);
INSERT INTO Beers VALUES (354,'Cuvee des tietes de pipes brune (=Reserve Marie de Hongrie)',13,36,2.86,100,8,0,NULL);
INSERT INTO Beers VALUES (356,'Cuvee du P''tit Lu (=Regal (Saison))',17,18,2.65,100,6,0,NULL);
INSERT INTO Beers VALUES (359,'Cuvee du Spartacus blonde (=Floreffe blonde)',64,33,2.75,100,7,0,NULL);
INSERT INTO Beers VALUES (360,'Cuvee du Spartacus brune (=Floreffe double)',64,14,2.75,100,7,0,NULL);
INSERT INTO Beers VALUES (361,'Cuvee du Tcheste (=Mc Chouffe)',1,15,2.86,100,8,0,NULL);
INSERT INTO Beers VALUES (362,'Cuvee du Tronquoy (=Pipaix (Saison de))',117,18,2.65,100,6,0,NULL);
INSERT INTO Beers VALUES (364,'Cuvee Jean d''Avesnes ambree',91,21,2.96,100,9,0,NULL);
INSERT INTO Beers VALUES (365,'Cuvee Jean d''Avesnes blanche',91,21,2.96,100,9,0,NULL);
INSERT INTO Beers VALUES (366,'Cuvee Li Crochon (=St. Benoit brune (brassin special))',17,15,2.86,100,8,0,NULL);
INSERT INTO Beers VALUES (367,'Cuvee Melletoise (=Floreffe blonde)',64,18,2.75,100,7,0,NULL);
INSERT INTO Beers VALUES (369,'Cuvee Rene grand cru (=Lindemans gueuze gefilterd)',67,22,2.55,100,5,0,NULL);
INSERT INTO Beers VALUES (370,'Cuvee Saint. Roch (=Soleilmont double)',64,18,2.65,100,6,0,NULL);
INSERT INTO Beers VALUES (371,'Cuvee speciale blanche des Bastions',21,53,2.55,100,5,0,NULL);
INSERT INTO Beers VALUES (373,'Cuvee speciale du 80e (=Mengsel La Folie/Saison de Pipaix)',117,15,2.75,100,7,0,NULL);
INSERT INTO Beers VALUES (376,'Cuvee speciale Patro Salette (=Mengsel La Folie/Saison de Pipaix)',117,15,2.75,100,7,0,NULL);
INSERT INTO Beers VALUES (377,'Cuvee St-Francois Xavier',72,15,2.75,100,7,0,NULL);
INSERT INTO Beers VALUES (379,'Cuvee St. Berthuin (=Floreffe blonde)',64,18,2.75,100,7,0,NULL);
INSERT INTO Beers VALUES (380,'Cuvee St. Hadelin blonde (=St. Benoit blonde)',17,33,2.65,100,6,0,NULL);
INSERT INTO Beers VALUES (381,'Cuvee St. Hadelin brune (=St. Benoit brune)',17,14,2.65,100,6,0,NULL);
INSERT INTO Beers VALUES (387,'Daens',113,15,2.75,100,7,0,NULL);
INSERT INTO Beers VALUES (388,'Daiselnaere (=Steenbrugge (Abdij))',50,18,2.65,100,6,0,NULL);
INSERT INTO Beers VALUES (389,'Darbyste (Biere)',15,14,2.55,100,5,0,NULL);
INSERT INTO Beers VALUES (390,'De Koninck',62,6,2.55,100,5,0,NULL);
INSERT INTO Beers VALUES (392,'De Koninck gueuze (=De Neve gueuze ongefilterd)',11,55,2.55,100,5,0,NULL);
INSERT INTO Beers VALUES (393,'De Koninck kriek (=De Neve kriek)',11,55,2.55,100,5,0,NULL);
INSERT INTO Beers VALUES (395,'De Neve frambozen',11,22,2.55,100,5,0,NULL);
INSERT INTO Beers VALUES (396,'De Neve gueuze gefilterd',11,22,2.55,100,5,0,NULL);
INSERT INTO Beers VALUES (397,'De Neve gueuze ongefilterd',11,55,2.55,100,5,0,NULL);
INSERT INTO Beers VALUES (398,'De Neve kriek',11,22,2.55,100,5,0,NULL);
INSERT INTO Beers VALUES (399,'De Neve lambik',9,56,2.55,100,5,0,NULL);
INSERT INTO Beers VALUES (400,'De Ryck (Special)',95,33,2.45,100,4,0,NULL);
INSERT INTO Beers VALUES (401,'De Ryck christmas pale ale',95,6,2.45,100,4,0,NULL);
INSERT INTO Beers VALUES (402,'De Ryck kriek',95,18,2.45,100,4,0,NULL);
INSERT INTO Beers VALUES (403,'De Troch gueuze ongefilterd',110,55,2.55,100,5,0,NULL);
INSERT INTO Beers VALUES (404,'Deca Lux pils',30,42,2.04,100,0,0,NULL);
INSERT INTO Beers VALUES (405,'Deins paasbier',112,14,2.86,100,8,0,NULL);
INSERT INTO Beers VALUES (406,'Delhaize blond tafelbier (=Piedboeuf blonde)',58,51,2.04,100,0,0,NULL);
INSERT INTO Beers VALUES (407,'Delhaize bruin tafelbier (=Piedboeuf dubbel - foncee)',58,51,2.04,100,0,0,NULL);
INSERT INTO Beers VALUES (408,'Delhaize christmas (=Affligem christmas ale (Abdij))',100,36,2.96,100,9,0,NULL);
INSERT INTO Beers VALUES (409,'Delhaize wit bier',100,53,2.55,100,5,0,NULL);
INSERT INTO Beers VALUES (410,'Delirium Tremens',56,21,2.96,100,9,0,NULL);
INSERT INTO Beers VALUES (411,'Dentergems witbier - Riva blanche',87,53,2.55,100,5,0,NULL);
INSERT INTO Beers VALUES (412,'Derby blond (=Piedboeuf blonde)',58,51,2.14,100,1,0,NULL);
INSERT INTO Beers VALUES (413,'Derby bruin (=Piedboeuf dubbel - foncee)',58,51,2.14,100,1,0,NULL);
INSERT INTO Beers VALUES (414,'Derby pils (=Haacht pils)',51,42,2.45,100,4,0,NULL);
INSERT INTO Beers VALUES (415,'Deugniet (=Moine (triple))',17,15,2.86,100,8,0,NULL);
INSERT INTO Beers VALUES (416,'Dieleghem ambree (Abbaye de)',64,6,2.65,100,6,0,NULL);
INSERT INTO Beers VALUES (417,'Dieleghem blonde (Abbaye de) (=Floreffe blonde)',64,33,2.75,100,7,0,NULL);
INSERT INTO Beers VALUES (418,'Dieleghem foncee (Abbaye de) (=Floreffe double)',64,14,2.75,100,7,0,NULL);
INSERT INTO Beers VALUES (419,'Dikke Mathile',107,18,2.65,100,6,0,NULL);
INSERT INTO Beers VALUES (420,'Dikkenek',100,14,2.55,100,5,0,NULL);
INSERT INTO Beers VALUES (421,'Dirk Martensbier (=Bornem tripel)',14,59,2.96,100,9,0,NULL);
INSERT INTO Beers VALUES (422,'Divine',98,36,2.96,100,9,0,NULL);
INSERT INTO Beers VALUES (423,'Dobbelken (=Ichtegem''s oud bruin)',107,62,2.45,100,4,0,NULL);
INSERT INTO Beers VALUES (424,'Dolmenius (=St. Benoit blonde)',17,18,2.65,100,6,0,NULL);
INSERT INTO Beers VALUES (425,'Domaine du bois d''Anchin',91,21,2.96,100,9,0,NULL);
INSERT INTO Beers VALUES (426,'Domein bleek (=Augustijn)',14,15,2.86,100,8,0,NULL);
INSERT INTO Beers VALUES (427,'Domein donker (=Bornem dubbel)',14,14,2.86,100,8,0,NULL);
INSERT INTO Beers VALUES (428,'Dommelsch malt',6,3,2.04,100,0,0,NULL);
INSERT INTO Beers VALUES (431,'Double Enghien blonde',98,15,2.75,100,7,0,NULL);
INSERT INTO Beers VALUES (432,'Double Enghien brune',98,14,2.86,100,8,0,NULL);
INSERT INTO Beers VALUES (433,'Doux chemin de l''amour (Le) (=Fagnes (Blonde des))',119,15,2.86,100,8,0,NULL);
INSERT INTO Beers VALUES (434,'Drie Fonteinen faro',35,54,2.55,100,5,0,NULL);
INSERT INTO Beers VALUES (435,'Drie Fonteinen frambozenlambik',35,56,2.55,100,5,0,NULL);
INSERT INTO Beers VALUES (436,'Drie Fonteinen gueuze',35,55,2.55,100,5,0,NULL);
INSERT INTO Beers VALUES (437,'Drie Fonteinen kriek',35,55,2.55,100,5,0,NULL);
INSERT INTO Beers VALUES (438,'Drie Fonteinen kriek van het vat',35,55,2.55,100,5,0,NULL);
INSERT INTO Beers VALUES (439,'Drie Fonteinen kriekenlambik',35,56,2.55,100,5,0,NULL);
INSERT INTO Beers VALUES (442,'Drongens plezierke (=Ambiorix dubbel)',99,15,2.86,100,8,0,NULL);
INSERT INTO Beers VALUES (443,'Drossaard blond',56,33,2.75,100,7,0,NULL);
INSERT INTO Beers VALUES (444,'Drossaard donker',103,14,2.75,100,7,0,NULL);
INSERT INTO Beers VALUES (445,'Duchesse de Bourgogne',118,62,2.65,100,6,0,NULL);
INSERT INTO Beers VALUES (446,'Duivels bier',115,60,2.65,100,6,0,NULL);
INSERT INTO Beers VALUES (447,'Dulle Teve',32,11,3.06,100,10,0,NULL);
INSERT INTO Beers VALUES (448,'Dupont biologique (Saison)',37,45,2.55,100,5,0,NULL);
INSERT INTO Beers VALUES (449,'Dupont vieille provision (Saison)',37,45,2.65,100,6,0,NULL);
INSERT INTO Beers VALUES (450,'Durboyse ambree',64,18,2.75,100,7,0,NULL);
INSERT INTO Beers VALUES (451,'Durboyse blonde',64,15,2.86,100,8,0,NULL);
INSERT INTO Beers VALUES (452,'Durboyse blonde  (=Floreffe blonde)',64,33,2.75,100,7,0,NULL);
INSERT INTO Beers VALUES (453,'Durboyse brune  (=Floreffe double)',64,14,2.75,100,7,0,NULL);
INSERT INTO Beers VALUES (454,'Duvel groen',74,15,2.75,100,7,0,NULL);
INSERT INTO Beers VALUES (455,'Duvel rood',74,15,2.86,100,8,0,NULL);
INSERT INTO Beers VALUES (456,'Eautex de Brunehaut',21,18,2.65,100,6,0,NULL);
INSERT INTO Beers VALUES (457,'Ecume des jours',21,18,2.75,100,7,0,NULL);
INSERT INTO Beers VALUES (458,'Edel-Brau',107,3,2.04,100,0,0,NULL);
INSERT INTO Beers VALUES (461,'El Vert Doudou (=Pipaix (Saison de))',117,18,2.65,100,6,0,NULL);
INSERT INTO Beers VALUES (462,'El'' Simpelourd',21,18,2.65,100,6,0,NULL);
INSERT INTO Beers VALUES (465,'Ename dubbel',93,14,2.65,100,6,0,NULL);
INSERT INTO Beers VALUES (466,'Ename tripel',93,59,2.96,100,9,0,NULL);
INSERT INTO Beers VALUES (467,'Engel (Nen)',33,14,2.86,100,8,0,NULL);
INSERT INTO Beers VALUES (468,'Engeltjes bier',104,36,3.06,100,10,0,NULL);
INSERT INTO Beers VALUES (469,'Ensor',107,18,2.65,100,6,0,NULL);
INSERT INTO Beers VALUES (472,'Epeautre (Saison d'')',15,45,2.65,100,6,0,NULL);
INSERT INTO Beers VALUES (473,'Erezee (Saison d'') - Automne',44,18,2.75,100,7,0,NULL);
INSERT INTO Beers VALUES (474,'Erezee (Saison d'') - Ete',44,18,2.75,100,7,0,NULL);
INSERT INTO Beers VALUES (475,'Erezee (Saison d'') - Hiver',44,15,2.86,100,8,0,NULL);
INSERT INTO Beers VALUES (476,'Erezee (Saison d'') - Printemps',44,18,2.65,100,6,0,NULL);
INSERT INTO Beers VALUES (478,'Essen Bakkersmolen Wildert blond',91,33,2.65,100,6,0,NULL);
INSERT INTO Beers VALUES (479,'Essen Bakkersmolen Wildert bruin',91,14,2.65,100,6,0,NULL);
INSERT INTO Beers VALUES (480,'Etoile (La speciale) (=Vapeur rousse )',117,15,2.86,100,8,0,NULL);
INSERT INTO Beers VALUES (481,'Eupener caramel',41,51,2.14,100,1,0,NULL);
INSERT INTO Beers VALUES (482,'Eupener export',41,42,2.45,100,4,0,NULL);
INSERT INTO Beers VALUES (483,'Eupener extra light',41,34,2.24,100,2,0,NULL);
INSERT INTO Beers VALUES (484,'Eupener klosterbier special bock',41,12,2.65,100,6,0,NULL);
INSERT INTO Beers VALUES (485,'Eupener pils',41,42,2.45,100,4,0,NULL);
INSERT INTO Beers VALUES (487,'Eurotica',117,21,2.96,100,9,0,NULL);
INSERT INTO Beers VALUES (488,'Ever',14,33,2.55,100,5,0,NULL);
INSERT INTO Beers VALUES (489,'Eylenbosch framboise lambic',42,22,2.45,100,4,0,NULL);
INSERT INTO Beers VALUES (490,'Eylenbosch gueuze lambic',42,22,2.45,100,4,0,NULL);
INSERT INTO Beers VALUES (491,'Eylenbosch kriek lambic',42,22,2.45,100,4,0,NULL);
INSERT INTO Beers VALUES (492,'Ezel (=Gapers bier)',118,18,2.75,100,7,0,NULL);
INSERT INTO Beers VALUES (494,'Facon export',43,42,2.45,100,4,0,NULL);
INSERT INTO Beers VALUES (495,'Facon extra stout',43,49,2.55,100,5,0,NULL);
INSERT INTO Beers VALUES (496,'Facon oud bruin',43,62,2.45,100,4,0,NULL);
INSERT INTO Beers VALUES (497,'Facon pils',43,42,2.45,100,4,0,NULL);
INSERT INTO Beers VALUES (498,'Facon scotch-christmas',43,46,2.65,100,6,0,NULL);
INSERT INTO Beers VALUES (499,'Facon tafelbier blond',43,51,2.14,100,1,0,NULL);
INSERT INTO Beers VALUES (500,'Facon tafelbier bruin',43,51,2.14,100,1,0,NULL);
INSERT INTO Beers VALUES (503,'Fagnes (Blonde des)',119,15,2.86,100,8,0,NULL);
INSERT INTO Beers VALUES (504,'Fagnes (Rousse des)',119,15,2.86,100,8,0,NULL);
INSERT INTO Beers VALUES (505,'Fakir',13,33,2.65,100,6,0,NULL);
INSERT INTO Beers VALUES (508,'Fancy',8,8,2.14,100,1,0,NULL);
INSERT INTO Beers VALUES (510,'Fantome',44,14,2.86,100,8,0,NULL);
INSERT INTO Beers VALUES (511,'Fantome brewery (The best of)',44,36,3.26,100,12,0,NULL);
INSERT INTO Beers VALUES (512,'Fantome de noel',44,14,2.86,100,8,0,NULL);
INSERT INTO Beers VALUES (513,'Fantomette',44,15,2.86,100,8,0,NULL);
INSERT INTO Beers VALUES (516,'Felix kriekbier',26,61,2.55,100,5,0,NULL);
INSERT INTO Beers VALUES (517,'Felix Oudenaards kriekbier',26,61,2.65,100,6,0,NULL);
INSERT INTO Beers VALUES (518,'Felix Oudenaards oud bruin',26,61,2.55,100,5,0,NULL);
INSERT INTO Beers VALUES (519,'Felix pils',26,42,2.55,100,5,0,NULL);
INSERT INTO Beers VALUES (520,'Felix speciaal Oudenaards',26,61,2.45,100,4,0,NULL);
INSERT INTO Beers VALUES (522,'Feuilles Mortes (Les) (=Moinette blonde)',37,15,2.86,100,8,0,NULL);
INSERT INTO Beers VALUES (523,'Fiertelbier (=Kapittel abt (Het))',113,21,3.06,100,10,0,NULL);
INSERT INTO Beers VALUES (525,'Filee  (=Augustijn)',14,15,2.86,100,8,0,NULL);
INSERT INTO Beers VALUES (526,'Fink brau (=Premium pilsener)',70,42,2.55,100,5,0,NULL);
INSERT INTO Beers VALUES (527,'Fink brau (=Wieze pils)',125,42,2.55,100,5,0,NULL);
INSERT INTO Beers VALUES (528,'Fire fox',56,18,2.75,100,7,0,NULL);
INSERT INTO Beers VALUES (529,'Fitt',125,2,3.57,100,15,0,NULL);
INSERT INTO Beers VALUES (530,'Flanders triple grand cru (=St. Sebastiaan grand cru)',105,15,2.75,100,7,0,NULL);
INSERT INTO Beers VALUES (532,'Flandrien',68,18,2.55,100,5,0,NULL);
INSERT INTO Beers VALUES (533,'Fleurie de Wanze',1,15,2.86,100,8,0,NULL);
INSERT INTO Beers VALUES (534,'Flierefluiter (Ne) (=Affligem blond (Abdij))',100,18,2.75,100,7,0,NULL);
INSERT INTO Beers VALUES (537,'Floreffe (Blanche de)',64,53,2.55,100,5,0,NULL);
INSERT INTO Beers VALUES (538,'Floreffe blonde',64,33,2.65,100,6,0,NULL);
INSERT INTO Beers VALUES (539,'Floreffe double',64,14,2.75,100,7,0,NULL);
INSERT INTO Beers VALUES (540,'Floreffe la meilleure',64,36,2.86,100,8,0,NULL);
INSERT INTO Beers VALUES (541,'Floreffe triple (=Bonne Esperance (Abbaye de))',64,59,2.75,100,7,0,NULL);
INSERT INTO Beers VALUES (542,'Florisgaarden chocolat',56,53,2.35,100,3,0,NULL);
INSERT INTO Beers VALUES (543,'Florisgaarden fraises',56,53,2.35,100,3,0,NULL);
INSERT INTO Beers VALUES (544,'Florisgaarden griotte',56,53,2.35,100,3,0,NULL);
INSERT INTO Beers VALUES (545,'Florisgaarden ninkeberry',56,53,2.35,100,3,0,NULL);
INSERT INTO Beers VALUES (546,'Florisgaarden passion',56,53,2.35,100,3,0,NULL);
INSERT INTO Beers VALUES (547,'Florisgaarden witbier',56,53,2.55,100,5,0,NULL);
INSERT INTO Beers VALUES (548,'Florival blond (Abdij) (=Affligem blond (Abdij))',100,33,2.75,100,7,0,NULL);
INSERT INTO Beers VALUES (549,'Florival bruin (Abdij) (=Affligem dubbel (Abdij))',100,14,2.75,100,7,0,NULL);
INSERT INTO Beers VALUES (550,'Foire verte de l''eau d''heure cuvee speciale',97,18,2.65,100,6,0,NULL);
INSERT INTO Beers VALUES (552,'Follie  (=Vapeur legere)',117,34,2.45,100,4,0,NULL);
INSERT INTO Beers VALUES (553,'Foret (=Dupont biologique (Saison))',37,18,2.55,100,5,0,NULL);
INSERT INTO Beers VALUES (554,'Foudroyante de Bruxelles (Blanche) (=Student)',64,53,2.45,100,4,0,NULL);
INSERT INTO Beers VALUES (555,'Foudroyante framboise (=Lindemans framboise)',67,31,2.35,100,3,0,NULL);
INSERT INTO Beers VALUES (556,'Foudroyante gueuze (=Lindemans gueuze gefilterd)',67,22,2.55,100,5,0,NULL);
INSERT INTO Beers VALUES (557,'Foudroyante kriek (=Lindemans kriek)',67,31,2.45,100,4,0,NULL);
INSERT INTO Beers VALUES (558,'Foudroyante myrtille',67,31,2.35,100,3,0,NULL);
INSERT INTO Beers VALUES (559,'Foudroyante peche (=Pecheresse)',67,31,2.35,100,3,0,NULL);
INSERT INTO Beers VALUES (560,'Four chapitre  (=Floreffe blonde)',64,18,2.75,100,7,0,NULL);
INSERT INTO Beers VALUES (565,'Francorchamps (Blanche de) (=Student)',64,53,2.45,100,4,0,NULL);
INSERT INTO Beers VALUES (566,'Frenette',117,8,2.35,100,3,0,NULL);
INSERT INTO Beers VALUES (567,'Freutche (=1900 (Saison))',64,18,2.55,100,5,0,NULL);
INSERT INTO Beers VALUES (568,'Frontaliere  (=Mengsel La Folie/Saison de Pipaix)',117,15,2.75,100,7,0,NULL);
INSERT INTO Beers VALUES (569,'Fumee d''Anvers',120,44,2.75,100,7,0,NULL);
INSERT INTO Beers VALUES (570,'Gaillarde de \"la Posterie\" cuvee spec. (=Bons voeux (Avec les -- de la brasserie))',37,21,2.96,100,9,0,NULL);
INSERT INTO Beers VALUES (571,'Gala pils (=Haacht pils)',51,42,2.45,100,4,0,NULL);
INSERT INTO Beers VALUES (572,'Galmaarden dubbel Meesters bier',71,14,2.75,100,7,0,NULL);
INSERT INTO Beers VALUES (574,'Galmaarden tripel Meesters bier',71,59,2.75,100,7,0,NULL);
INSERT INTO Beers VALUES (575,'Gambrinus bock (=Sernia bock)',58,51,2.35,100,3,0,NULL);
INSERT INTO Beers VALUES (576,'Gambrinus pils (=Sernia pils)',58,42,2.45,100,4,0,NULL);
INSERT INTO Beers VALUES (577,'Gapers bier',118,18,2.75,100,7,0,NULL);
INSERT INTO Beers VALUES (578,'Gauloise ambree',17,6,2.65,100,6,0,NULL);
INSERT INTO Beers VALUES (579,'Gauloise blonde',17,15,2.75,100,7,0,NULL);
INSERT INTO Beers VALUES (580,'Gauloise brune',17,36,2.96,100,9,0,NULL);
INSERT INTO Beers VALUES (581,'Gaumaise blonde',48,33,2.55,100,5,0,NULL);
INSERT INTO Beers VALUES (582,'Gaumaise brune',48,14,2.55,100,5,0,NULL);
INSERT INTO Beers VALUES (583,'Gaverhopke (''t) blond',47,15,2.86,100,8,0,NULL);
INSERT INTO Beers VALUES (584,'Gaverhopke (''t) bruin 12',47,36,3.26,100,12,0,NULL);
INSERT INTO Beers VALUES (585,'Gaverhopke (''t) bruin 8',47,14,2.86,100,8,0,NULL);
INSERT INTO Beers VALUES (586,'Gayette  (=St. Benoit brune)',17,18,2.65,100,6,0,NULL);
INSERT INTO Beers VALUES (587,'GB special amber (=Op-ale)',100,6,2.55,100,5,0,NULL);
INSERT INTO Beers VALUES (588,'GB tafelbier tripel (=Bavaro)',51,51,2.35,100,3,0,NULL);
INSERT INTO Beers VALUES (591,'Geants (Speciale des) (=Bonne Esperance (Abbaye de))',64,15,2.86,100,8,0,NULL);
INSERT INTO Beers VALUES (592,'Geldonia blonde  (=St. Benoit blonde)',17,33,2.65,100,6,0,NULL);
INSERT INTO Beers VALUES (593,'Geldonia brune  (=St. Benoit brune)',17,14,2.65,100,6,0,NULL);
INSERT INTO Beers VALUES (594,'Gembloux (Biere de l''abbaye de) (=Bonne Esperance (Abbaye de))',64,15,2.86,100,8,0,NULL);
INSERT INTO Beers VALUES (595,'Gentse tripel',54,59,2.86,100,8,0,NULL);
INSERT INTO Beers VALUES (597,'Gigi double blonde',48,51,2.14,100,1,0,NULL);
INSERT INTO Beers VALUES (598,'Gigi speciale',48,51,2.24,100,2,0,NULL);
INSERT INTO Beers VALUES (599,'Gildenbier',51,14,2.75,100,7,0,NULL);
INSERT INTO Beers VALUES (600,'Ginder ale',6,6,2.55,100,5,0,NULL);
INSERT INTO Beers VALUES (601,'Girardin framboise',49,55,2.55,100,5,0,NULL);
INSERT INTO Beers VALUES (602,'Girardin gueuze 1882',49,55,2.55,100,5,0,NULL);
INSERT INTO Beers VALUES (603,'Girardin kriek 1882',49,55,2.55,100,5,0,NULL);
INSERT INTO Beers VALUES (604,'Girardin kriekenlambik',49,56,2.55,100,5,0,NULL);
INSERT INTO Beers VALUES (605,'Girardin lambik',49,56,2.55,100,5,0,NULL);
INSERT INTO Beers VALUES (607,'Godefroy',74,14,2.55,100,5,0,NULL);
INSERT INTO Beers VALUES (608,'Godefroy premium pils (=Bel pils)',74,42,2.55,100,5,0,NULL);
INSERT INTO Beers VALUES (609,'Goen (Ne) (=Augustijn)',14,15,2.86,100,8,0,NULL);
INSERT INTO Beers VALUES (610,'Goldburg',8,42,2.55,100,5,0,NULL);
INSERT INTO Beers VALUES (612,'Golden dragon beer (=Gulden Draak)',14,21,3.06,100,10,0,NULL);
INSERT INTO Beers VALUES (613,'Golden Kenia',56,42,2.55,100,5,0,NULL);
INSERT INTO Beers VALUES (614,'Golding Campina',69,42,2.55,100,5,0,NULL);
INSERT INTO Beers VALUES (617,'Gouden Carolus',4,14,2.75,100,7,0,NULL);
INSERT INTO Beers VALUES (620,'Gougnies  (=Moinette blonde)',37,15,2.86,100,8,0,NULL);
INSERT INTO Beers VALUES (621,'Grand bi-ere de blondine',104,33,2.65,100,6,0,NULL);
INSERT INTO Beers VALUES (623,'Grande Axhoise',76,18,2.65,100,6,0,NULL);
INSERT INTO Beers VALUES (626,'Green''s beer',44,15,2.86,100,8,0,NULL);
INSERT INTO Beers VALUES (628,'Grenadiere speciale ambree',72,15,2.75,100,7,0,NULL);
INSERT INTO Beers VALUES (629,'Grimbergen blond',111,33,2.65,100,6,0,NULL);
INSERT INTO Beers VALUES (630,'Grimbergen dubbel',111,14,2.65,100,6,0,NULL);
INSERT INTO Beers VALUES (631,'Grimbergen optimo bruno',111,36,3.06,100,10,0,NULL);
INSERT INTO Beers VALUES (632,'Grimbergen tripel',111,59,2.86,100,8,0,NULL);
INSERT INTO Beers VALUES (633,'Grisette',100,18,2.65,100,6,0,NULL);
INSERT INTO Beers VALUES (634,'Grisette biere du cayoteu (=Super 64)',98,18,2.55,100,5,0,NULL);
INSERT INTO Beers VALUES (635,'Gueule noire  - Koempelbier (=Villers Saint-Ghislain brune (Speciale))',98,15,2.86,100,8,0,NULL);
INSERT INTO Beers VALUES (636,'Gueuze framboisee des Ardennes (=Timmermans framboise lambic)',108,31,2.45,100,4,0,NULL);
INSERT INTO Beers VALUES (637,'Guillotine',56,36,2.96,100,9,0,NULL);
INSERT INTO Beers VALUES (638,'Gulden Draak',14,36,3.06,100,10,0,NULL);
INSERT INTO Beers VALUES (639,'Guldenberg',85,15,2.86,100,8,0,NULL);
INSERT INTO Beers VALUES (641,'Haacht blonde',51,51,2.14,100,1,0,NULL);
INSERT INTO Beers VALUES (642,'Haacht export (=Haacht pils)',51,42,2.45,100,4,0,NULL);
INSERT INTO Beers VALUES (643,'Haacht pils',51,42,2.45,100,4,0,NULL);
INSERT INTO Beers VALUES (644,'Haecht witbier',51,53,2.45,100,4,0,NULL);
INSERT INTO Beers VALUES (645,'Halloween pumpkin ale (=Pumpkin ale)',120,18,2.75,100,7,0,NULL);
INSERT INTO Beers VALUES (647,'Hanssens gueuze',53,55,2.55,100,5,0,NULL);
INSERT INTO Beers VALUES (648,'Hanssens kriek',53,55,2.55,100,5,0,NULL);
INSERT INTO Beers VALUES (649,'Hapkin',68,15,2.86,100,8,0,NULL);
INSERT INTO Beers VALUES (651,'Harelbekenaar van de abdijhoeve - pater (=Kapittel pater (Het))',113,14,2.65,100,6,0,NULL);
INSERT INTO Beers VALUES (652,'Harelbekenaar van de abdijhoeve - wit (=Watou''s wit bier)',113,53,2.55,100,5,0,NULL);
INSERT INTO Beers VALUES (655,'Heerenbier',18,14,2.86,100,8,0,NULL);
INSERT INTO Beers VALUES (656,'Hei-kneuter',125,18,2.55,100,5,0,NULL);
INSERT INTO Beers VALUES (658,'Heliante',44,15,2.86,100,8,0,NULL);
INSERT INTO Beers VALUES (659,'Helios',6,42,2.24,100,2,0,NULL);
INSERT INTO Beers VALUES (660,'Hellekapelle',12,33,2.55,100,5,0,NULL);
INSERT INTO Beers VALUES (661,'Helleketelbier',12,33,2.75,100,7,0,NULL);
INSERT INTO Beers VALUES (662,'Helles export',99,42,2.45,100,4,0,NULL);
INSERT INTO Beers VALUES (664,'Hercule',40,21,2.96,100,9,0,NULL);
INSERT INTO Beers VALUES (665,'Hercule a Vapeur  (=Vapeur rousse )',117,15,2.86,100,8,0,NULL);
INSERT INTO Beers VALUES (666,'Heren van Bets (De) (=Silly (Saison))',98,18,2.55,100,5,0,NULL);
INSERT INTO Beers VALUES (667,'Hertog Jan pilsener',6,42,2.55,100,5,0,NULL);
INSERT INTO Beers VALUES (668,'Hesbaye  ambree',76,6,2.75,100,7,0,NULL);
INSERT INTO Beers VALUES (669,'Hesbaye  blanche',76,53,2.35,100,3,0,NULL);
INSERT INTO Beers VALUES (670,'Hesbaye  blonde',76,33,2.65,100,6,0,NULL);
INSERT INTO Beers VALUES (671,'Hesbaye  brune',76,36,2.96,100,9,0,NULL);
INSERT INTO Beers VALUES (672,'Hesbaye  cuvee speciale',76,18,2.65,100,6,0,NULL);
INSERT INTO Beers VALUES (673,'Hesbaye  noire',76,18,2.75,100,7,0,NULL);
INSERT INTO Beers VALUES (675,'Hesbaye  saison',76,45,2.75,100,7,0,NULL);
INSERT INTO Beers VALUES (677,'Heymissen dubbel (Abdijbier van)',122,14,2.86,100,8,0,NULL);
INSERT INTO Beers VALUES (678,'Heymissen tripel (Abdijbier van)',122,59,2.96,100,9,0,NULL);
INSERT INTO Beers VALUES (682,'Hoekse witte',112,53,2.55,100,5,0,NULL);
INSERT INTO Beers VALUES (683,'Hoeve bier',107,18,2.65,100,6,0,NULL);
INSERT INTO Beers VALUES (684,'Hoge Bi-er',104,18,2.65,100,6,0,NULL);
INSERT INTO Beers VALUES (686,'Honnelles (Blanche des)',91,53,2.65,100,6,0,NULL);
INSERT INTO Beers VALUES (687,'Hoofse gaffel (=Lamoral Degmont)',112,15,2.86,100,8,0,NULL);
INSERT INTO Beers VALUES (688,'Hoppe ambachtelijke pils (=Sparta pils)',14,42,2.55,100,5,0,NULL);
INSERT INTO Beers VALUES (689,'Horse ale',6,6,2.45,100,4,0,NULL);
INSERT INTO Beers VALUES (690,'Hotteuse 5',93,62,2.55,100,5,0,NULL);
INSERT INTO Beers VALUES (691,'Hotteuse grand cru',93,15,2.86,100,8,0,NULL);
INSERT INTO Beers VALUES (693,'Houlette  (=Regal (Saison))',17,18,2.65,100,6,0,NULL);
INSERT INTO Beers VALUES (694,'Hure  (=Saxo)',23,18,2.75,100,7,0,NULL);
INSERT INTO Beers VALUES (695,'Huyghe blond',56,51,2.24,100,2,0,NULL);
INSERT INTO Beers VALUES (696,'Huyghe bruin',56,51,2.24,100,2,0,NULL);
INSERT INTO Beers VALUES (697,'Huyghe export',56,42,2.45,100,4,0,NULL);
INSERT INTO Beers VALUES (698,'Huyghe faro',56,51,2.24,100,2,0,NULL);
INSERT INTO Beers VALUES (699,'Ichtegem''s oud bruin',107,62,2.45,100,4,0,NULL);
INSERT INTO Beers VALUES (700,'Iguanodon (=Fakir)',13,18,2.65,100,6,0,NULL);
INSERT INTO Beers VALUES (701,'Incartade  (=Mengsel La Folie/Saison de Pipaix)',117,15,2.75,100,7,0,NULL);
INSERT INTO Beers VALUES (702,'Interpils (=Wieze pils)',125,42,2.04,100,0,0,NULL);
INSERT INTO Beers VALUES (705,'Jack-Op',11,60,2.55,100,5,0,NULL);
INSERT INTO Beers VALUES (709,'Jamelovienne  (=Mengsel La Folie/Saison de Pipaix)',117,15,2.75,100,7,0,NULL);
INSERT INTO Beers VALUES (710,'Jan Buuc (=Katje special)',65,18,2.55,100,5,0,NULL);
INSERT INTO Beers VALUES (711,'Jan van Gent',66,18,2.55,100,5,0,NULL);
INSERT INTO Beers VALUES (716,'Jobarde (=Vapeur en folie )',117,15,2.86,100,8,0,NULL);
INSERT INTO Beers VALUES (717,'John Martin''s special',57,6,2.65,100,6,0,NULL);
INSERT INTO Beers VALUES (720,'Joyeuse blonde  (=Moinette blonde)',37,15,2.86,100,8,0,NULL);
INSERT INTO Beers VALUES (721,'Joyeuse brune  (=Moinette brune)',37,36,2.86,100,8,0,NULL);
INSERT INTO Beers VALUES (723,'Judas',111,15,2.86,100,8,0,NULL);
INSERT INTO Beers VALUES (724,'Julius',6,15,2.86,100,8,0,NULL);
INSERT INTO Beers VALUES (725,'Jumeaux ambree (Biere des)',44,6,2.65,100,6,0,NULL);
INSERT INTO Beers VALUES (726,'Jumeaux blonde (Biere des)',44,33,2.65,100,6,0,NULL);
INSERT INTO Beers VALUES (727,'Jumelage (La biere du)',91,21,2.96,100,9,0,NULL);
INSERT INTO Beers VALUES (729,'Jupiler',58,42,2.55,100,5,0,NULL);
INSERT INTO Beers VALUES (730,'Jupiler NA',6,3,2.04,100,0,0,NULL);
INSERT INTO Beers VALUES (731,'K.I.H.O. X-mas blond',59,33,2.04,100,0,0,NULL);
INSERT INTO Beers VALUES (732,'K.I.H.O. X-mas bruin',59,14,2.04,100,0,0,NULL);
INSERT INTO Beers VALUES (737,'Kamilleken (=Lamoral Degmont)',112,15,2.86,100,8,0,NULL);
INSERT INTO Beers VALUES (739,'Kapel van Schoor (=St. Sebastiaan grand cru)',105,15,2.75,100,7,0,NULL);
INSERT INTO Beers VALUES (740,'Kapittel abt (Het)',113,36,3.06,100,10,0,NULL);
INSERT INTO Beers VALUES (741,'Kapittel dubbel (Het)',113,14,2.75,100,7,0,NULL);
INSERT INTO Beers VALUES (742,'Kapittel pater (Het)',113,14,2.65,100,6,0,NULL);
INSERT INTO Beers VALUES (743,'Kapittel prior (Het)',113,36,2.96,100,9,0,NULL);
INSERT INTO Beers VALUES (744,'Karibik pils',56,42,2.55,100,5,0,NULL);
INSERT INTO Beers VALUES (745,'Karlsquell pils (=Kwik pils)',70,42,2.45,100,4,0,NULL);
INSERT INTO Beers VALUES (746,'Karmeliet tripel',20,59,2.86,100,8,0,NULL);
INSERT INTO Beers VALUES (748,'Kasteel van Ramegnies-Chin (Bier v/h)',43,36,3.26,100,12,0,NULL);
INSERT INTO Beers VALUES (749,'Kasteelbier gouden triple',114,59,3.06,100,10,0,NULL);
INSERT INTO Beers VALUES (750,'Kasteelbier Ingelmunster',114,36,3.16,100,11,0,NULL);
INSERT INTO Beers VALUES (751,'Kasteelbier Ooidonk (=Kasteelbier Ingelmunster)',114,36,3.16,100,11,0,NULL);
INSERT INTO Beers VALUES (752,'Katje special',65,6,2.55,100,5,0,NULL);
INSERT INTO Beers VALUES (753,'Keerse tripel (=St. Sebastiaan grand cru)',105,59,2.75,100,7,0,NULL);
INSERT INTO Beers VALUES (754,'Keizersberg abdijbier (=Bornem tripel)',14,21,2.96,100,9,0,NULL);
INSERT INTO Beers VALUES (755,'Kelmeser (Der blonde) (=Fakir)',13,33,2.65,100,6,0,NULL);
INSERT INTO Beers VALUES (756,'Kelottes 75cl',17,15,2.86,100,8,0,NULL);
INSERT INTO Beers VALUES (757,'Kempenaar (Ne)',113,21,2.96,100,9,0,NULL);
INSERT INTO Beers VALUES (758,'Kerelsbier donker (=Katje special)',65,14,2.55,100,5,0,NULL);
INSERT INTO Beers VALUES (759,'Kerelsbier licht (=Sasbrau)',65,33,2.65,100,6,0,NULL);
INSERT INTO Beers VALUES (761,'Kerstbie(r)',12,14,2.86,100,8,0,NULL);
INSERT INTO Beers VALUES (762,'Kerstbol',39,14,2.75,100,7,0,NULL);
INSERT INTO Beers VALUES (763,'Kerstklok',18,14,2.86,100,8,0,NULL);
INSERT INTO Beers VALUES (764,'Kerstpater',112,14,2.65,100,6,0,NULL);
INSERT INTO Beers VALUES (765,'Keyport beer (=Safir)',6,42,2.55,100,5,0,NULL);
INSERT INTO Beers VALUES (766,'Keyser (=Pax pils)',103,42,2.55,100,5,0,NULL);
INSERT INTO Beers VALUES (767,'Kilo (de)',49,56,2.55,100,5,0,NULL);
INSERT INTO Beers VALUES (768,'King''s pils (=Facon pils)',43,42,2.45,100,4,0,NULL);
INSERT INTO Beers VALUES (769,'Kirally (=Pipaix (Saison de))',117,18,2.65,100,6,0,NULL);
INSERT INTO Beers VALUES (771,'Klinkaert',14,33,2.55,100,5,0,NULL);
INSERT INTO Beers VALUES (772,'Klooster Zusters Annonciaden (=St. Sebastiaan grand cru)',105,15,2.75,100,7,0,NULL);
INSERT INTO Beers VALUES (773,'Kluyserbier (=Poorter)',105,18,2.65,100,6,0,NULL);
INSERT INTO Beers VALUES (774,'Kortessems blondje',76,53,2.75,100,7,0,NULL);
INSERT INTO Beers VALUES (778,'Kronenbourg',2,42,2.45,100,4,0,NULL);
INSERT INTO Beers VALUES (779,'Kruger export',6,42,2.45,100,4,0,NULL);
INSERT INTO Beers VALUES (780,'Kurstenbrau (=Vega pils)',58,42,2.55,100,5,0,NULL);
INSERT INTO Beers VALUES (781,'Kuurnse bruine',8,14,2.75,100,7,0,NULL);
INSERT INTO Beers VALUES (782,'Kuurnse witte',8,53,2.75,100,7,0,NULL);
INSERT INTO Beers VALUES (786,'Lamoral Degmont',112,15,2.86,100,8,0,NULL);
INSERT INTO Beers VALUES (787,'Lamoral tripel',112,59,2.86,100,8,0,NULL);
INSERT INTO Beers VALUES (788,'Lamot pilsor',6,42,2.55,100,5,0,NULL);
INSERT INTO Beers VALUES (789,'Laplaignoise  (=Moinette blonde)',37,15,2.86,100,8,0,NULL);
INSERT INTO Beers VALUES (792,'Lazarus bier',104,14,2.75,100,7,0,NULL);
INSERT INTO Beers VALUES (793,'Lefebvre blonde',64,51,2.14,100,1,0,NULL);
INSERT INTO Beers VALUES (794,'Lefebvre brune',64,51,2.14,100,1,0,NULL);
INSERT INTO Beers VALUES (795,'Lefebvre triple blonde',64,51,2.35,100,3,0,NULL);
INSERT INTO Beers VALUES (796,'Leffe birra rossa',102,18,2.65,100,6,0,NULL);
INSERT INTO Beers VALUES (797,'Leffe blonde',102,33,2.65,100,6,0,NULL);
INSERT INTO Beers VALUES (798,'Leffe brune',102,14,2.65,100,6,0,NULL);
INSERT INTO Beers VALUES (799,'Leffe radieuse',102,36,2.86,100,8,0,NULL);
INSERT INTO Beers VALUES (801,'Leffe vieille cuvee 8',102,36,2.86,100,8,0,NULL);
INSERT INTO Beers VALUES (802,'Lembeek''s',19,8,2.24,100,2,0,NULL);
INSERT INTO Beers VALUES (803,'Lentebier',17,18,2.55,100,5,0,NULL);
INSERT INTO Beers VALUES (804,'Leroy blond',65,51,2.14,100,1,0,NULL);
INSERT INTO Beers VALUES (805,'Leroy bruin',65,51,2.14,100,1,0,NULL);
INSERT INTO Beers VALUES (806,'Leroy christmas',65,46,2.65,100,6,0,NULL);
INSERT INTO Beers VALUES (807,'Leroy stout',65,49,2.45,100,4,0,NULL);
INSERT INTO Beers VALUES (808,'Leuvendige witte (Nen)',33,53,2.45,100,4,0,NULL);
INSERT INTO Beers VALUES (811,'Lichtervelds blond',32,15,2.86,100,8,0,NULL);
INSERT INTO Beers VALUES (812,'Liefmans frambozenbier',66,61,2.55,100,5,0,NULL);
INSERT INTO Beers VALUES (813,'Liefmans gluhkriek',66,61,2.65,100,6,0,NULL);
INSERT INTO Beers VALUES (814,'Liefmans goudenband',66,14,2.86,100,8,0,NULL);
INSERT INTO Beers VALUES (815,'Liefmans kriek',66,61,2.65,100,6,0,NULL);
INSERT INTO Beers VALUES (816,'Liefmans odnar',66,61,2.45,100,4,0,NULL);
INSERT INTO Beers VALUES (817,'Liefmans oud bruin',66,61,2.55,100,5,0,NULL);
INSERT INTO Beers VALUES (818,'Limburgse witte',103,53,2.55,100,5,0,NULL);
INSERT INTO Beers VALUES (819,'Lindemans cassis',67,31,2.45,100,4,0,NULL);
INSERT INTO Beers VALUES (820,'Lindemans faro lambic',67,54,2.45,100,4,0,NULL);
INSERT INTO Beers VALUES (821,'Lindemans framboise',67,31,2.35,100,3,0,NULL);
INSERT INTO Beers VALUES (822,'Lindemans gueuze gefilterd',67,22,2.55,100,5,0,NULL);
INSERT INTO Beers VALUES (823,'Lindemans gueuze ongefilterd',67,55,2.55,100,5,0,NULL);
INSERT INTO Beers VALUES (824,'Lindemans kriek',67,31,2.45,100,4,0,NULL);
INSERT INTO Beers VALUES (825,'Lindemans kriekenlambik',67,56,2.45,100,4,0,NULL);
INSERT INTO Beers VALUES (826,'Lindemans lambik',67,56,2.45,100,4,0,NULL);
INSERT INTO Beers VALUES (827,'Lion (Biere du)',119,15,2.86,100,8,0,NULL);
INSERT INTO Beers VALUES (829,'Livinus blonde (=Kapittel abt (Het))',113,21,3.06,100,10,0,NULL);
INSERT INTO Beers VALUES (830,'Livinus brune (=Kapittel prior (Het))',113,36,2.96,100,9,0,NULL);
INSERT INTO Beers VALUES (831,'Loburg',6,42,2.55,100,5,0,NULL);
INSERT INTO Beers VALUES (833,'Lokernaere (E) (=Yperman)',65,18,2.65,100,6,0,NULL);
INSERT INTO Beers VALUES (835,'Loteling blond',120,15,2.86,100,8,0,NULL);
INSERT INTO Beers VALUES (836,'Loteling bruin',120,14,2.75,100,7,0,NULL);
INSERT INTO Beers VALUES (837,'Loterbol',39,33,2.55,100,5,0,NULL);
INSERT INTO Beers VALUES (839,'Louvoise  (=St. Benoit blonde)',17,18,2.65,100,6,0,NULL);
INSERT INTO Beers VALUES (840,'Louwaege dubbel blond',68,51,2.14,100,1,0,NULL);
INSERT INTO Beers VALUES (841,'Louwaege export',68,42,2.45,100,4,0,NULL);
INSERT INTO Beers VALUES (842,'Louwaege faro',68,51,2.14,100,1,0,NULL);
INSERT INTO Beers VALUES (843,'Louwaege stout',68,49,2.45,100,4,0,NULL);
INSERT INTO Beers VALUES (844,'Louwaege''s pils',68,42,2.45,100,4,0,NULL);
INSERT INTO Beers VALUES (845,'Louwke Poep',14,6,2.55,100,5,0,NULL);
INSERT INTO Beers VALUES (846,'Lowiden',113,18,2.55,100,5,0,NULL);
INSERT INTO Beers VALUES (847,'Lowie Kators',14,21,2.96,100,9,0,NULL);
INSERT INTO Beers VALUES (848,'Lowie V (=Cnudde Oudenaards bruin)',27,62,2.45,100,4,0,NULL);
INSERT INTO Beers VALUES (849,'Lucifer',87,15,2.86,100,8,0,NULL);
INSERT INTO Beers VALUES (854,'Maerlant (=Bornem tripel)',14,59,2.96,100,9,0,NULL);
INSERT INTO Beers VALUES (855,'Maes cool beer',69,26,2.55,100,5,0,NULL);
INSERT INTO Beers VALUES (856,'Maes export',69,42,2.45,100,4,0,NULL);
INSERT INTO Beers VALUES (857,'Maes pils',69,42,2.55,100,5,0,NULL);
INSERT INTO Beers VALUES (858,'Magonette',109,15,2.86,100,8,0,NULL);
INSERT INTO Beers VALUES (859,'Malmedy blonde (Biere speciale de) (=Floreffe blonde)',64,33,2.75,100,7,0,NULL);
INSERT INTO Beers VALUES (860,'Malmedy brune (Biere speciale de) (=Floreffe double)',64,14,2.75,100,7,0,NULL);
INSERT INTO Beers VALUES (861,'Malognarde blonde',13,15,2.75,100,7,0,NULL);
INSERT INTO Beers VALUES (862,'Malognarde brune  (=Reserve Marie de Hongrie)',13,36,2.86,100,8,0,NULL);
INSERT INTO Beers VALUES (863,'Malonne (Abbaye de - Abdij van) bruin bier',51,18,2.65,100,6,0,NULL);
INSERT INTO Beers VALUES (864,'Maltosa',51,51,2.14,100,1,0,NULL);
INSERT INTO Beers VALUES (865,'Manneken Pis (=Oud Zottegems bier)',29,18,2.65,100,6,0,NULL);
INSERT INTO Beers VALUES (866,'Manou des Sources (=Floreffe blonde)',64,18,2.75,100,7,0,NULL);
INSERT INTO Beers VALUES (869,'Marchande tripel',21,59,2.04,100,0,0,NULL);
INSERT INTO Beers VALUES (870,'Marckloff',45,18,2.65,100,6,0,NULL);
INSERT INTO Beers VALUES (871,'Marckloff Valentin',45,18,2.65,100,6,0,NULL);
INSERT INTO Beers VALUES (872,'Maredsous 10',74,36,2.96,100,9,0,NULL);
INSERT INTO Beers VALUES (873,'Maredsous 6 blond',74,33,2.65,100,6,0,NULL);
INSERT INTO Beers VALUES (874,'Maredsous 6 donker',74,14,2.65,100,6,0,NULL);
INSERT INTO Beers VALUES (875,'Maredsous 8',74,14,2.86,100,8,0,NULL);
INSERT INTO Beers VALUES (876,'Marlagne blanche',72,53,2.55,100,5,0,NULL);
INSERT INTO Beers VALUES (877,'Marlagne blonde',72,33,2.55,100,5,0,NULL);
INSERT INTO Beers VALUES (878,'Marquise',56,18,2.55,100,5,0,NULL);
INSERT INTO Beers VALUES (879,'Mars (Biere de)',6,35,2.55,100,5,0,NULL);
INSERT INTO Beers VALUES (882,'Martens pils',70,42,2.55,100,5,0,NULL);
INSERT INTO Beers VALUES (883,'Martens tafelstout',70,51,2.04,100,0,0,NULL);
INSERT INTO Beers VALUES (885,'Match blond tafelbier',56,51,2.14,100,1,0,NULL);
INSERT INTO Beers VALUES (886,'Match bruin tafelbier',56,51,2.14,100,1,0,NULL);
INSERT INTO Beers VALUES (887,'Match tripel tafelbier',56,51,2.35,100,3,0,NULL);
INSERT INTO Beers VALUES (888,'Mateen Belgian ale triple',56,59,2.96,100,9,0,NULL);
INSERT INTO Beers VALUES (889,'Mater wit bier',93,53,2.55,100,5,0,NULL);
INSERT INTO Beers VALUES (891,'Mc Chouffe',1,36,2.86,100,8,0,NULL);
INSERT INTO Beers VALUES (892,'Mc Ewans christmas',57,46,2.75,100,7,0,NULL);
INSERT INTO Beers VALUES (893,'Mc Ewans scotch ale',57,46,2.75,100,7,0,NULL);
INSERT INTO Beers VALUES (894,'Mc Gregor',56,18,2.65,100,6,0,NULL);
INSERT INTO Beers VALUES (895,'Mechelschen bruynen',4,14,2.65,100,6,0,NULL);
INSERT INTO Beers VALUES (897,'Meneer',96,11,2.75,100,7,0,NULL);
INSERT INTO Beers VALUES (898,'Mengbier',10,60,2.55,100,5,0,NULL);
INSERT INTO Beers VALUES (899,'Mengsel La Folie/Saison de Pipaix',117,15,2.75,100,7,0,NULL);
INSERT INTO Beers VALUES (900,'Menhir (Blonde du)',64,33,2.65,100,6,0,NULL);
INSERT INTO Beers VALUES (901,'Mercator',120,14,2.55,100,5,0,NULL);
INSERT INTO Beers VALUES (903,'Minty',56,33,2.45,100,4,0,NULL);
INSERT INTO Beers VALUES (904,'Miroir christmas',73,14,2.86,100,8,0,NULL);
INSERT INTO Beers VALUES (905,'Miroir paasbier',73,18,2.65,100,6,0,NULL);
INSERT INTO Beers VALUES (906,'Miroir speciale',73,53,2.45,100,4,0,NULL);
INSERT INTO Beers VALUES (907,'Miroir speciale dark',73,14,2.55,100,5,0,NULL);
INSERT INTO Beers VALUES (908,'Moeder Overste (=Bonne Esperance (Abbaye de))',64,15,2.86,100,8,0,NULL);
INSERT INTO Beers VALUES (909,'Moine (triple)',17,59,2.86,100,8,0,NULL);
INSERT INTO Beers VALUES (910,'Moinette biolegere/zacht',37,8,2.35,100,3,0,NULL);
INSERT INTO Beers VALUES (911,'Moinette biologique',37,15,2.75,100,7,0,NULL);
INSERT INTO Beers VALUES (912,'Moinette blonde',37,15,2.86,100,8,0,NULL);
INSERT INTO Beers VALUES (913,'Moinette brune',37,36,2.86,100,8,0,NULL);
INSERT INTO Beers VALUES (914,'Moinette des iguanodons de Bernissart (=Moinette blonde)',37,15,2.86,100,8,0,NULL);
INSERT INTO Beers VALUES (915,'Moinette des Sorcieres de Warquignies  (=Moinette blonde)',37,15,2.86,100,8,0,NULL);
INSERT INTO Beers VALUES (916,'Molenbier',95,18,2.55,100,5,0,NULL);
INSERT INTO Beers VALUES (917,'Molenbier (=Bokkereyer)',103,18,2.55,100,5,0,NULL);
INSERT INTO Beers VALUES (918,'Molenbier (Tessenderlo) (=St. Sebastiaan grand cru)',105,15,2.75,100,7,0,NULL);
INSERT INTO Beers VALUES (922,'Moneuse',15,14,2.86,100,8,0,NULL);
INSERT INTO Beers VALUES (923,'Moneuse speciale noel',15,14,2.86,100,8,0,NULL);
INSERT INTO Beers VALUES (925,'Mont Saint-Aubert',21,14,2.86,100,8,0,NULL);
INSERT INTO Beers VALUES (926,'Montagnarde',91,36,2.96,100,9,0,NULL);
INSERT INTO Beers VALUES (927,'Mort Subite cassis',60,31,2.45,100,4,0,NULL);
INSERT INTO Beers VALUES (928,'Mort Subite framboise',60,22,2.45,100,4,0,NULL);
INSERT INTO Beers VALUES (929,'Mort Subite gueuze fond',60,55,2.65,100,6,0,NULL);
INSERT INTO Beers VALUES (930,'Mort Subite gueuze gefilterd',60,22,2.45,100,4,0,NULL);
INSERT INTO Beers VALUES (931,'Mort Subite kriek',60,22,2.45,100,4,0,NULL);
INSERT INTO Beers VALUES (932,'Mort Subite peche',60,31,2.45,100,4,0,NULL);
INSERT INTO Beers VALUES (934,'Munck pils (=Haacht pils)',51,42,2.45,100,4,0,NULL);
INSERT INTO Beers VALUES (940,'N''Ice Chouffe',1,36,3.06,100,10,0,NULL);
INSERT INTO Beers VALUES (941,'Namur (Blanche de)',17,53,2.45,100,4,0,NULL);
INSERT INTO Beers VALUES (942,'Napoleon',100,14,2.86,100,8,0,NULL);
INSERT INTO Beers VALUES (943,'Nationale  (=Mengsel La Folie/Saison de Pipaix)',117,15,2.75,100,7,0,NULL);
INSERT INTO Beers VALUES (944,'Neiges (Blanche des)',56,53,2.45,100,4,0,NULL);
INSERT INTO Beers VALUES (945,'Neuvilloise',64,15,2.86,100,8,0,NULL);
INSERT INTO Beers VALUES (946,'Ninoviet (=Noel-christmas-Weihnacht)',118,15,2.75,100,7,0,NULL);
INSERT INTO Beers VALUES (951,'Noel (Blanche de)',17,53,2.45,100,4,0,NULL);
INSERT INTO Beers VALUES (952,'Noel (Speciale blanche)',91,53,2.04,100,0,0,NULL);
INSERT INTO Beers VALUES (953,'Noel (Speciale)',100,14,2.65,100,6,0,NULL);
INSERT INTO Beers VALUES (954,'Noel de Silenrieux',97,14,2.75,100,7,0,NULL);
INSERT INTO Beers VALUES (955,'Noel-christmas-Weihnacht',118,15,2.75,100,7,0,NULL);
INSERT INTO Beers VALUES (956,'Nonettes (Biere des)',56,15,2.75,100,7,0,NULL);
INSERT INTO Beers VALUES (957,'Nostra Domus (Nen)',33,18,2.55,100,5,0,NULL);
INSERT INTO Beers VALUES (959,'Nounou (=Augustijn)',14,15,2.86,100,8,0,NULL);
INSERT INTO Beers VALUES (960,'O Mac Kot (Biere de Blaton) (=Mengsel La Folie/Saison de Pipaix)',117,15,2.75,100,7,0,NULL);
INSERT INTO Beers VALUES (961,'O''Connell''s Dublin ale',56,4,2.55,100,5,0,NULL);
INSERT INTO Beers VALUES (962,'Obigeoise',43,18,2.65,100,6,0,NULL);
INSERT INTO Beers VALUES (963,'Ochtend kriek (Nen)',33,15,2.75,100,7,0,NULL);
INSERT INTO Beers VALUES (965,'Oelegems kruikenbier (=St. Sebastiaan grand cru)',105,15,2.75,100,7,0,NULL);
INSERT INTO Beers VALUES (966,'Oelegems Titsenbier (=Moinette biologique)',37,15,2.75,100,7,0,NULL);
INSERT INTO Beers VALUES (967,'Oeral',32,11,2.65,100,6,0,NULL);
INSERT INTO Beers VALUES (968,'Oerbier',32,14,2.75,100,7,0,NULL);
INSERT INTO Beers VALUES (971,'Old Musketeer',65,14,2.75,100,7,0,NULL);
INSERT INTO Beers VALUES (972,'Oliver Twist (Nen) (=Toison d''or (triple))',4,59,2.75,100,7,0,NULL);
INSERT INTO Beers VALUES (973,'Op-ale',100,6,2.55,100,5,0,NULL);
INSERT INTO Beers VALUES (974,'Ops-ale',103,6,2.55,100,5,0,NULL);
INSERT INTO Beers VALUES (975,'Oregon rodeo beer',105,8,2.45,100,4,0,NULL);
INSERT INTO Beers VALUES (976,'Orval',78,11,2.65,100,6,0,NULL);
INSERT INTO Beers VALUES (977,'Oud Beersel gueuze',116,55,2.65,100,6,0,NULL);
INSERT INTO Beers VALUES (978,'Oud Beersel lambik',116,56,2.55,100,5,0,NULL);
INSERT INTO Beers VALUES (979,'Oud Kriekenbier',29,18,2.65,100,6,0,NULL);
INSERT INTO Beers VALUES (980,'Oud Zottegems bier',29,33,2.65,100,6,0,NULL);
INSERT INTO Beers VALUES (981,'Oud Zottegems bier hergist',29,33,2.65,100,6,0,NULL);
INSERT INTO Beers VALUES (983,'Oudenaards wit tarwebier',26,53,2.45,100,4,0,NULL);
INSERT INTO Beers VALUES (984,'Oudenburgs abdijbier',104,14,2.86,100,8,0,NULL);
INSERT INTO Beers VALUES (985,'Oudenburgs bruin',104,14,2.86,100,8,0,NULL);
INSERT INTO Beers VALUES (986,'Oudenburgse tripel',104,59,2.04,100,0,0,NULL);
INSERT INTO Beers VALUES (988,'Paasbier',104,14,2.86,100,8,0,NULL);
INSERT INTO Beers VALUES (990,'Pacques (Brassin de)',76,18,2.65,100,6,0,NULL);
INSERT INTO Beers VALUES (993,'Palm (Dobbel)',81,6,2.55,100,5,0,NULL);
INSERT INTO Beers VALUES (994,'Palm (Speciale)',81,6,2.55,100,5,0,NULL);
INSERT INTO Beers VALUES (995,'Palm green',81,3,2.04,100,0,0,NULL);
INSERT INTO Beers VALUES (997,'Paques (Biere de)',13,14,2.75,100,7,0,NULL);
INSERT INTO Beers VALUES (998,'Paranoia groen',120,18,2.65,100,6,0,NULL);
INSERT INTO Beers VALUES (999,'nieuwe naam',120,18,2.65,100,6,0,NULL);
INSERT INTO Beers VALUES (1001,'Parbo bier (=Pax pils)',103,42,2.55,100,5,0,NULL);
INSERT INTO Beers VALUES (1002,'Park (Abdij van ''t) bruin',111,14,2.65,100,6,0,NULL);
INSERT INTO Beers VALUES (1003,'Pastorijpoort Balen/Olmen (=St. Sebastiaan grand cru)',105,15,2.75,100,7,0,NULL);
INSERT INTO Beers VALUES (1004,'Pater brune (=Maltosa)',51,51,2.14,100,1,0,NULL);
INSERT INTO Beers VALUES (1008,'Pater Van Damme',82,14,2.75,100,7,0,NULL);
INSERT INTO Beers VALUES (1009,'Paulus',65,62,2.55,100,5,0,NULL);
INSERT INTO Beers VALUES (1010,'Pauwel Kwak',20,15,2.86,100,8,0,NULL);
INSERT INTO Beers VALUES (1011,'Pave de l''Ours (Le)',13,36,2.86,100,8,0,NULL);
INSERT INTO Beers VALUES (1012,'Pax pils',103,42,2.55,100,5,0,NULL);
INSERT INTO Beers VALUES (1013,'Pecheresse',67,31,2.24,100,2,0,NULL);
INSERT INTO Beers VALUES (1014,'Pecheresse (Petite) (=Pecheresse)',67,31,2.35,100,3,0,NULL);
INSERT INTO Beers VALUES (1015,'Pee Klak grand cru (=Zottegemse grand cru)',29,15,2.86,100,8,0,NULL);
INSERT INTO Beers VALUES (1016,'Pee Klak Moorsels bier',107,18,2.55,100,5,0,NULL);
INSERT INTO Beers VALUES (1017,'Pee Klak special',29,18,2.65,100,6,0,NULL);
INSERT INTO Beers VALUES (1019,'Pellainoise',76,15,2.86,100,8,0,NULL);
INSERT INTO Beers VALUES (1024,'Perle d''Hastiere  (=Bonne Esperance (Abbaye de))',64,15,2.86,100,8,0,NULL);
INSERT INTO Beers VALUES (1025,'Pertotale faro',19,19,2.65,100,6,0,NULL);
INSERT INTO Beers VALUES (1026,'Peter Benoit',65,14,2.55,100,5,0,NULL);
INSERT INTO Beers VALUES (1029,'Petouille  (=Mengsel La Folie/Saison de Pipaix)',117,15,2.75,100,7,0,NULL);
INSERT INTO Beers VALUES (1030,'Petrus (Triple)',8,59,2.75,100,7,0,NULL);
INSERT INTO Beers VALUES (1031,'Petrus oud bruin',8,62,2.55,100,5,0,NULL);
INSERT INTO Beers VALUES (1032,'Petrus speciale',8,6,2.55,100,5,0,NULL);
INSERT INTO Beers VALUES (1034,'Pick-up pils',121,42,2.45,100,4,0,NULL);
INSERT INTO Beers VALUES (1035,'Piedboeuf blonde',6,51,2.14,100,1,0,NULL);
INSERT INTO Beers VALUES (1036,'Piedboeuf blonde',58,51,2.14,100,1,0,NULL);
INSERT INTO Beers VALUES (1037,'Piedboeuf dubbel - foncee',6,51,2.14,100,1,0,NULL);
INSERT INTO Beers VALUES (1038,'Piedboeuf dubbel - foncee',58,51,2.14,100,1,0,NULL);
INSERT INTO Beers VALUES (1039,'Piedboeuf tripel - triple',58,51,2.35,100,3,0,NULL);
INSERT INTO Beers VALUES (1041,'Pierreuse',76,14,2.86,100,8,0,NULL);
INSERT INTO Beers VALUES (1043,'Pint pilsener (=Premium pilsener)',70,42,2.55,100,5,0,NULL);
INSERT INTO Beers VALUES (1044,'Pipaix (Saison de)',117,45,2.65,100,6,0,NULL);
INSERT INTO Beers VALUES (1046,'Pir''eye di Licint 6.5 (Li) (=Fakir)',13,18,2.65,100,6,0,NULL);
INSERT INTO Beers VALUES (1047,'Pir''eye di Licint 9 (Li) (=Reserve Marie de Hongrie)',13,15,2.86,100,8,0,NULL);
INSERT INTO Beers VALUES (1048,'Piraat',14,21,3.06,100,10,0,NULL);
INSERT INTO Beers VALUES (1050,'Pissenlit',44,18,2.65,100,6,0,NULL);
INSERT INTO Beers VALUES (1051,'Platzen pils (=Sernia pils)',58,42,2.45,100,4,0,NULL);
INSERT INTO Beers VALUES (1053,'Ploquette',94,15,2.75,100,7,0,NULL);
INSERT INTO Beers VALUES (1054,'Poiluchette blanche de Thy  (=Neiges (Blanche des))',56,53,2.45,100,4,0,NULL);
INSERT INTO Beers VALUES (1055,'Poiluchette blonde',56,15,2.75,100,7,0,NULL);
INSERT INTO Beers VALUES (1056,'Poiluchette brune',56,14,2.75,100,7,0,NULL);
INSERT INTO Beers VALUES (1057,'Polderbier bitter',104,11,2.86,100,8,0,NULL);
INSERT INTO Beers VALUES (1058,'Polderbier fruitig',104,14,2.86,100,8,0,NULL);
INSERT INTO Beers VALUES (1060,'Pompeschitter (De)',65,42,2.55,100,5,0,NULL);
INSERT INTO Beers VALUES (1062,'Pontonnierke',104,14,2.75,100,7,0,NULL);
INSERT INTO Beers VALUES (1063,'Pony stout',8,49,2.55,100,5,0,NULL);
INSERT INTO Beers VALUES (1064,'Poorter',105,14,2.65,100,6,0,NULL);
INSERT INTO Beers VALUES (1065,'Poperings hommelbier',113,15,2.75,100,7,0,NULL);
INSERT INTO Beers VALUES (1066,'Postel dobbel',100,14,2.75,100,7,0,NULL);
INSERT INTO Beers VALUES (1067,'Postel kerstbier',100,36,2.86,100,8,0,NULL);
INSERT INTO Beers VALUES (1068,'Postel tripel',100,59,2.86,100,8,0,NULL);
INSERT INTO Beers VALUES (1069,'Praile (Blonde de la)',83,15,2.75,100,7,0,NULL);
INSERT INTO Beers VALUES (1071,'Praile (Saison de la)',83,45,2.04,100,0,0,NULL);
INSERT INTO Beers VALUES (1073,'Premium pilsener',70,42,2.55,100,5,0,NULL);
INSERT INTO Beers VALUES (1074,'Prik pils',93,42,2.45,100,4,0,NULL);
INSERT INTO Beers VALUES (1075,'Prima',65,51,2.35,100,3,0,NULL);
INSERT INTO Beers VALUES (1076,'Primeur kriek',11,22,2.55,100,5,0,NULL);
INSERT INTO Beers VALUES (1077,'Primus',51,42,2.55,100,5,0,NULL);
INSERT INTO Beers VALUES (1078,'Prisma pils (=Haacht pils)',51,42,2.45,100,4,0,NULL);
INSERT INTO Beers VALUES (1079,'Prosit pils',20,42,2.45,100,4,0,NULL);
INSERT INTO Beers VALUES (1081,'Pumpkin ale',120,15,2.75,100,7,0,NULL);
INSERT INTO Beers VALUES (1082,'Punch blond',43,33,2.65,100,6,0,NULL);
INSERT INTO Beers VALUES (1083,'Punch donker',43,14,2.65,100,6,0,NULL);
INSERT INTO Beers VALUES (1084,'Quenast',64,42,2.55,100,5,0,NULL);
INSERT INTO Beers VALUES (1085,'Queue de charrue',118,18,2.55,100,5,0,NULL);
INSERT INTO Beers VALUES (1086,'Queue de charrue blonde (=Augustijn)',14,15,2.86,100,8,0,NULL);
INSERT INTO Beers VALUES (1087,'Queue de chat',44,15,2.86,100,8,0,NULL);
INSERT INTO Beers VALUES (1088,'Quintine',40,11,2.86,100,8,0,NULL);
INSERT INTO Beers VALUES (1090,'Quintine de noel',40,15,2.86,100,8,0,NULL);
INSERT INTO Beers VALUES (1091,'Rabat  (=Mc Chouffe)',1,15,2.86,100,8,0,NULL);
INSERT INTO Beers VALUES (1092,'Rabenhaubt witbier (=Watou''s wit bier)',113,53,2.55,100,5,0,NULL);
INSERT INTO Beers VALUES (1093,'Rafexport',28,42,2.45,100,4,0,NULL);
INSERT INTO Beers VALUES (1094,'Raisinoise',64,18,2.55,100,5,0,NULL);
INSERT INTO Beers VALUES (1096,'Ras super pils (=Pax pils)',103,42,2.55,100,5,0,NULL);
INSERT INTO Beers VALUES (1101,'Redor pils',37,42,2.65,100,6,0,NULL);
INSERT INTO Beers VALUES (1102,'Regain (blanche)',91,53,2.65,100,6,0,NULL);
INSERT INTO Beers VALUES (1103,'Regal (Saison)',17,45,2.65,100,6,0,NULL);
INSERT INTO Beers VALUES (1104,'Regal christmas',17,36,2.96,100,9,0,NULL);
INSERT INTO Beers VALUES (1105,'Reinaert amber',84,18,2.75,100,7,0,NULL);
INSERT INTO Beers VALUES (1107,'Reinaert tripel',84,59,2.96,100,9,0,NULL);
INSERT INTO Beers VALUES (1109,'Rendux ambree',3,6,2.75,100,7,0,NULL);
INSERT INTO Beers VALUES (1110,'Rendux brune',3,14,2.75,100,7,0,NULL);
INSERT INTO Beers VALUES (1111,'Reserve Marie de Hongrie',13,36,2.86,100,8,0,NULL);
INSERT INTO Beers VALUES (1112,'Reserve Marie de Hongrie speciale Noel',13,36,2.96,100,9,0,NULL);
INSERT INTO Beers VALUES (1113,'Retro oude methode',56,18,2.75,100,7,0,NULL);
INSERT INTO Beers VALUES (1114,'Ridder',65,8,2.24,100,2,0,NULL);
INSERT INTO Beers VALUES (1115,'Rijsel triple beer ambree (=Piraat)',14,21,3.06,100,10,0,NULL);
INSERT INTO Beers VALUES (1116,'Riva baviere',87,51,2.24,100,2,0,NULL);
INSERT INTO Beers VALUES (1117,'Riva bruine speciale',87,51,2.24,100,2,0,NULL);
INSERT INTO Beers VALUES (1118,'Riva pils',87,42,2.55,100,5,0,NULL);
INSERT INTO Beers VALUES (1119,'Riva triple abdij',87,59,2.75,100,7,0,NULL);
INSERT INTO Beers VALUES (1120,'Roberg classic',88,15,2.86,100,8,0,NULL);
INSERT INTO Beers VALUES (1121,'Roberg dark',88,14,2.86,100,8,0,NULL);
INSERT INTO Beers VALUES (1122,'Roberg junior',88,42,2.55,100,5,0,NULL);
INSERT INTO Beers VALUES (1123,'Rochefort 6',89,14,2.75,100,7,0,NULL);
INSERT INTO Beers VALUES (1124,'Rochefort 8',89,36,2.96,100,9,0,NULL);
INSERT INTO Beers VALUES (1125,'Rochefort 10',89,36,3.16,100,11,0,NULL);
INSERT INTO Beers VALUES (1126,'Rochefortoise ambree',90,15,2.86,100,8,0,NULL);
INSERT INTO Beers VALUES (1127,'Rochefortoise blonde',90,33,2.65,100,6,0,NULL);
INSERT INTO Beers VALUES (1129,'Rochelle',13,18,2.75,100,7,0,NULL);
INSERT INTO Beers VALUES (1130,'Rochus',95,14,2.45,100,4,0,NULL);
INSERT INTO Beers VALUES (1131,'Rocs (Abbaye des)',91,36,2.96,100,9,0,NULL);
INSERT INTO Beers VALUES (1133,'Rocs speciale noel (Abbaye des)',91,36,2.96,100,9,0,NULL);
INSERT INTO Beers VALUES (1134,'Rodenbach',92,62,2.55,100,5,0,NULL);
INSERT INTO Beers VALUES (1135,'Rodenbach grand cru',92,62,2.65,100,6,0,NULL);
INSERT INTO Beers VALUES (1136,'Roman (Special)',93,61,2.55,100,5,0,NULL);
INSERT INTO Beers VALUES (1137,'Roman bleek',93,51,2.14,100,1,0,NULL);
INSERT INTO Beers VALUES (1138,'Roman bruin',93,51,2.14,100,1,0,NULL);
INSERT INTO Beers VALUES (1139,'Roman dobbelen bruinen',93,14,2.86,100,8,0,NULL);
INSERT INTO Beers VALUES (1140,'Roman export',93,42,2.45,100,4,0,NULL);
INSERT INTO Beers VALUES (1141,'Roman Oudenaards',93,61,2.55,100,5,0,NULL);
INSERT INTO Beers VALUES (1142,'Romy luxe',93,42,2.55,100,5,0,NULL);
INSERT INTO Beers VALUES (1143,'Romy pils',93,42,2.55,100,5,0,NULL);
INSERT INTO Beers VALUES (1144,'Ronsies Bommelsbier (=Moinette blonde)',37,15,2.86,100,8,0,NULL);
INSERT INTO Beers VALUES (1145,'Roosenberg (Abdij) (=Bornem tripel)',14,21,2.96,100,9,0,NULL);
INSERT INTO Beers VALUES (1146,'Rose de Gambrinus',22,56,2.55,100,5,0,NULL);
INSERT INTO Beers VALUES (1147,'Royal pils (=Riva pils)',87,42,2.55,100,5,0,NULL);
INSERT INTO Beers VALUES (1148,'Royal type ale',125,6,2.55,100,5,0,NULL);
INSERT INTO Beers VALUES (1149,'Royale blonde',98,51,2.14,100,1,0,NULL);
INSERT INTO Beers VALUES (1150,'Rubbel sexy lager',56,42,2.55,100,5,0,NULL);
INSERT INTO Beers VALUES (1151,'Rubens gold',111,33,2.45,100,4,0,NULL);
INSERT INTO Beers VALUES (1152,'Rubens rood',17,53,2.45,100,4,0,NULL);
INSERT INTO Beers VALUES (1153,'S-pils',112,42,2.55,100,5,0,NULL);
INSERT INTO Beers VALUES (1154,'Safir',6,42,2.55,100,5,0,NULL);
INSERT INTO Beers VALUES (1156,'Samson (L''ambree du)',72,15,2.86,100,8,0,NULL);
INSERT INTO Beers VALUES (1157,'Samwell pils (=Haacht pils)',51,42,2.45,100,4,0,NULL);
INSERT INTO Beers VALUES (1158,'San Michael triple',56,59,2.65,100,6,0,NULL);
INSERT INTO Beers VALUES (1159,'Sanctus',74,14,2.65,100,6,0,NULL);
INSERT INTO Beers VALUES (1162,'Sas export',65,42,2.45,100,4,0,NULL);
INSERT INTO Beers VALUES (1163,'Sas pils',65,42,2.45,100,4,0,NULL);
INSERT INTO Beers VALUES (1164,'Sasbrau',65,13,2.65,100,6,0,NULL);
INSERT INTO Beers VALUES (1168,'Saxo',23,33,2.75,100,7,0,NULL);
INSERT INTO Beers VALUES (1169,'Scaldienne',43,18,2.55,100,5,0,NULL);
INSERT INTO Beers VALUES (1170,'Schaerbeekoise',91,21,2.96,100,9,0,NULL);
INSERT INTO Beers VALUES (1171,'Schavuit dubbel (=Bornem dubbel)',14,14,2.86,100,8,0,NULL);
INSERT INTO Beers VALUES (1172,'Schavuit tripel (=Bornem tripel)',14,59,2.96,100,9,0,NULL);
INSERT INTO Beers VALUES (1174,'Schrans pater (De)',56,51,2.04,100,0,0,NULL);
INSERT INTO Beers VALUES (1175,'Schulten Brau',70,42,2.45,100,4,0,NULL);
INSERT INTO Beers VALUES (1177,'Seigneurie  (=Floreffe blonde)',64,18,2.75,100,7,0,NULL);
INSERT INTO Beers VALUES (1179,'Serclaes (t'')',64,33,2.75,100,7,0,NULL);
INSERT INTO Beers VALUES (1180,'Sernia bock',58,51,2.35,100,3,0,NULL);
INSERT INTO Beers VALUES (1181,'Sernia brune (=C.T.S. Scotch)',6,14,2.75,100,7,0,NULL);
INSERT INTO Beers VALUES (1182,'Sernia pils',58,42,2.45,100,4,0,NULL);
INSERT INTO Beers VALUES (1183,'Setz brau',6,42,2.65,100,6,0,NULL);
INSERT INTO Beers VALUES (1185,'Sexy dubbel lager',120,42,2.55,100,5,0,NULL);
INSERT INTO Beers VALUES (1186,'Sezoens blond',70,33,2.65,100,6,0,NULL);
INSERT INTO Beers VALUES (1187,'Sezoens Europe',70,33,2.65,100,6,0,NULL);
INSERT INTO Beers VALUES (1188,'Sezoens quattro',70,5,2.75,100,7,0,NULL);
INSERT INTO Beers VALUES (1189,'Sherry Poesy old Beersel',116,55,2.75,100,7,0,NULL);
INSERT INTO Beers VALUES (1191,'Shopping (Blanche du) (=Charleroi (Blanche de))',21,53,2.55,100,5,0,NULL);
INSERT INTO Beers VALUES (1192,'SI Boune blonde (=Moine (triple))',17,15,2.86,100,8,0,NULL);
INSERT INTO Beers VALUES (1193,'Si Boune brune (=St. Benoit brune)',17,14,2.65,100,6,0,NULL);
INSERT INTO Beers VALUES (1194,'Silbrau dort urtyp',98,13,2.65,100,6,0,NULL);
INSERT INTO Beers VALUES (1196,'Silly (Bock)',98,51,2.35,100,3,0,NULL);
INSERT INTO Beers VALUES (1197,'Silly (Saison)',98,45,2.55,100,5,0,NULL);
INSERT INTO Beers VALUES (1198,'Silly (Scotch)',98,46,2.86,100,8,0,NULL);
INSERT INTO Beers VALUES (1199,'Silly pils',98,42,2.55,100,5,0,NULL);
INSERT INTO Beers VALUES (1200,'Silly triple bock',98,51,2.45,100,4,0,NULL);
INSERT INTO Beers VALUES (1201,'Sinaaise bok (=Bornem tripel)',14,36,2.96,100,9,0,NULL);
INSERT INTO Beers VALUES (1202,'Sinpalsken',84,15,2.86,100,8,0,NULL);
INSERT INTO Beers VALUES (1203,'Sioen Maeseycker kloosterbier',14,36,3.16,100,11,0,NULL);
INSERT INTO Beers VALUES (1206,'Ski-rodt biermuseum blonde (=St. Benoit blonde)',17,33,2.65,100,6,0,NULL);
INSERT INTO Beers VALUES (1207,'Ski-rodt biermuseum brune (=St. Benoit brune)',17,14,2.65,100,6,0,NULL);
INSERT INTO Beers VALUES (1208,'Slag lager pils',99,42,2.45,100,4,0,NULL);
INSERT INTO Beers VALUES (1209,'Slaghmuylder''s kerstbier',99,42,2.55,100,5,0,NULL);
INSERT INTO Beers VALUES (1210,'Slaghmuylder''s oud bier',99,51,2.24,100,2,0,NULL);
INSERT INTO Beers VALUES (1211,'Slaghmuylder''s paasbier',99,42,2.55,100,5,0,NULL);
INSERT INTO Beers VALUES (1212,'Slaghmuylder''s tafel hell',99,51,2.24,100,2,0,NULL);
INSERT INTO Beers VALUES (1213,'Slijtersbier',126,18,2.75,100,7,0,NULL);
INSERT INTO Beers VALUES (1214,'Sloeber',93,14,2.75,100,7,0,NULL);
INSERT INTO Beers VALUES (1216,'Slypke  (=Kapittel pater (Het))',113,18,2.65,100,6,0,NULL);
INSERT INTO Beers VALUES (1217,'Smisje banaan (''t)',86,18,2.65,100,6,0,NULL);
INSERT INTO Beers VALUES (1218,'Smisje dubbel (''t)',86,36,2.96,100,9,0,NULL);
INSERT INTO Beers VALUES (1219,'Smisje honingbier blond (''t)',86,33,2.65,100,6,0,NULL);
INSERT INTO Beers VALUES (1220,'Smisje honingbier donker (''t)',86,14,2.65,100,6,0,NULL);
INSERT INTO Beers VALUES (1221,'Smokkelaar (De) (=St. Paul triple)',105,15,2.75,100,7,0,NULL);
INSERT INTO Beers VALUES (1222,'Snoek (=Vlotbier)',32,18,2.65,100,6,0,NULL);
INSERT INTO Beers VALUES (1223,'Soleilmont double',64,14,2.65,100,6,0,NULL);
INSERT INTO Beers VALUES (1225,'Soy (Blanche de)',44,53,2.04,100,0,0,NULL);
INSERT INTO Beers VALUES (1226,'Spar pils',2,42,2.45,100,4,0,NULL);
INSERT INTO Beers VALUES (1227,'Sparta pils',14,42,2.55,100,5,0,NULL);
INSERT INTO Beers VALUES (1228,'Spijtighen spelduvel (Den)',98,18,2.65,100,6,0,NULL);
INSERT INTO Beers VALUES (1229,'St. Adriaan kruikenbier dark (=St. Sebastiaan dark)',105,14,2.65,100,6,0,NULL);
INSERT INTO Beers VALUES (1230,'St. Adriaan kruikenbier grand cru (=St. Sebastiaan grand cru)',105,15,2.75,100,7,0,NULL);
INSERT INTO Beers VALUES (1231,'St. Adriaans kerstbier',33,14,2.86,100,8,0,NULL);
INSERT INTO Beers VALUES (1232,'St. Adriaansbier',33,18,2.75,100,7,0,NULL);
INSERT INTO Beers VALUES (1234,'St. Amandus blond Kortenbergs abdijbier',30,33,2.55,100,5,0,NULL);
INSERT INTO Beers VALUES (1235,'St. Amandus bruin Kortenbergs abdijbier',30,14,2.86,100,8,0,NULL);
INSERT INTO Beers VALUES (1236,'St. Arnoldus triple (=Riva triple abdij)',87,59,2.75,100,7,0,NULL);
INSERT INTO Beers VALUES (1237,'St. Benoit blonde',17,33,2.65,100,6,0,NULL);
INSERT INTO Beers VALUES (1238,'St. Benoit brune',17,14,2.65,100,6,0,NULL);
INSERT INTO Beers VALUES (1239,'St. Benoit brune (brassin special)',17,36,2.86,100,8,0,NULL);
INSERT INTO Beers VALUES (1240,'St. Benoit triple',17,59,2.86,100,8,0,NULL);
INSERT INTO Beers VALUES (1241,'St. Bernardus abt 12',101,21,3.06,100,10,0,NULL);
INSERT INTO Beers VALUES (1242,'St. Bernardus blond',101,33,2.65,100,6,0,NULL);
INSERT INTO Beers VALUES (1243,'St. Bernardus pater 6',101,14,2.65,100,6,0,NULL);
INSERT INTO Beers VALUES (1244,'St. Bernardus prior 8',101,14,2.86,100,8,0,NULL);
INSERT INTO Beers VALUES (1245,'St. Bernardus triple',101,59,2.75,100,7,0,NULL);
INSERT INTO Beers VALUES (1246,'St. Berthuin brune',64,14,2.65,100,6,0,NULL);
INSERT INTO Beers VALUES (1247,'St. Christophe blonde (=Villers-St. Ghislain blonde (Speciale))',98,15,2.86,100,8,0,NULL);
INSERT INTO Beers VALUES (1248,'St. Christophe brune (=Villers Saint-Ghislain brune (Speciale))',98,14,2.86,100,8,0,NULL);
INSERT INTO Beers VALUES (1249,'St. Denise dark (=St. Sebastiaan dark)',105,14,2.65,100,6,0,NULL);
INSERT INTO Beers VALUES (1250,'St. Denise grand cru (=St. Sebastiaan grand cru)',105,15,2.75,100,7,0,NULL);
INSERT INTO Beers VALUES (1252,'St. Feuillien blonde 1,5 l',46,15,2.75,100,7,0,NULL);
INSERT INTO Beers VALUES (1254,'St. Feuillien brune 1,5 l',46,14,2.75,100,7,0,NULL);
INSERT INTO Beers VALUES (1256,'St. Feuillien cuvee de noel (=Affligem christmas ale)',100,21,2.96,100,9,0,NULL);
INSERT INTO Beers VALUES (1257,'St. Ghislain (Abbaye de) (=Beloeil (La biere de))',37,15,2.86,100,8,0,NULL);
INSERT INTO Beers VALUES (1259,'St. Hermes abdijbier',26,15,2.86,100,8,0,NULL);
INSERT INTO Beers VALUES (1261,'St. Hubert',91,21,2.96,100,9,0,NULL);
INSERT INTO Beers VALUES (1264,'St. Idesbald blond',56,33,2.65,100,6,0,NULL);
INSERT INTO Beers VALUES (1265,'St. Idesbald bruin',56,14,2.86,100,8,0,NULL);
INSERT INTO Beers VALUES (1266,'St. Idesbald triple',56,59,2.96,100,9,0,NULL);
INSERT INTO Beers VALUES (1267,'St. Jozef kriekenbier',103,18,2.55,100,5,0,NULL);
INSERT INTO Beers VALUES (1268,'St. Lamvinus',22,55,2.55,100,5,0,NULL);
INSERT INTO Beers VALUES (1269,'St. Laurent double (=St. Paul double)',105,14,2.65,100,6,0,NULL);
INSERT INTO Beers VALUES (1270,'St. Laurent triple (=St. Paul triple)',105,59,2.75,100,7,0,NULL);
INSERT INTO Beers VALUES (1271,'St. Leger (=Floreffe blonde)',64,18,2.75,100,7,0,NULL);
INSERT INTO Beers VALUES (1272,'St. Lenderik',91,21,2.96,100,9,0,NULL);
INSERT INTO Beers VALUES (1273,'St. Louis cassis kir royal',114,64,2.45,100,4,0,NULL);
INSERT INTO Beers VALUES (1274,'St. Louis framboise',114,64,2.45,100,4,0,NULL);
INSERT INTO Beers VALUES (1275,'St. Louis gueuze fond tradition lambic',114,65,2.55,100,5,0,NULL);
INSERT INTO Beers VALUES (1276,'St. Louis gueuze lambic',114,64,2.45,100,4,0,NULL);
INSERT INTO Beers VALUES (1277,'St. Louis kriek lambic',114,64,2.45,100,4,0,NULL);
INSERT INTO Beers VALUES (1278,'St. Louis peche lambic',114,64,2.35,100,3,0,NULL);
INSERT INTO Beers VALUES (1279,'St. Monon ambree',3,18,2.75,100,7,0,NULL);
INSERT INTO Beers VALUES (1281,'St. Paul blond',105,33,2.55,100,5,0,NULL);
INSERT INTO Beers VALUES (1282,'St. Paul double',105,14,2.65,100,6,0,NULL);
INSERT INTO Beers VALUES (1283,'St. Paul special',105,18,2.55,100,5,0,NULL);
INSERT INTO Beers VALUES (1284,'St. Paul triple',105,59,2.75,100,7,0,NULL);
INSERT INTO Beers VALUES (1285,'St. Quentin (Blanche de)',72,53,2.45,100,4,0,NULL);
INSERT INTO Beers VALUES (1286,'St. Quentin (Brune de)',72,14,2.45,100,4,0,NULL);
INSERT INTO Beers VALUES (1287,'St. Quentin (Brune de) (=St. Benoit brune (brassin special))',17,36,2.86,100,8,0,NULL);
INSERT INTO Beers VALUES (1288,'St. Quirin blonde  (=Fakir)',13,33,2.65,100,6,0,NULL);
INSERT INTO Beers VALUES (1289,'St. Quirin brune  (=Reserve Marie de Hongrie)',13,36,2.86,100,8,0,NULL);
INSERT INTO Beers VALUES (1290,'St. Sebastiaan dark',105,14,2.65,100,6,0,NULL);
INSERT INTO Beers VALUES (1292,'St. Sebastiaan grand cru',105,15,2.75,100,7,0,NULL);
INSERT INTO Beers VALUES (1294,'St.-Gabriel',44,18,2.75,100,7,0,NULL);
INSERT INTO Beers VALUES (1295,'Stadhuis Lommel (=St. Sebastiaan grand cru)',105,15,2.75,100,7,0,NULL);
INSERT INTO Beers VALUES (1296,'Star blond',51,2,2.04,100,0,0,NULL);
INSERT INTO Beers VALUES (1297,'Star bruin',51,2,2.04,100,0,0,NULL);
INSERT INTO Beers VALUES (1298,'Steedje kerstbier',104,14,2.75,100,7,0,NULL);
INSERT INTO Beers VALUES (1299,'Steedje special',104,15,2.75,100,7,0,NULL);
INSERT INTO Beers VALUES (1300,'Steedje tripel',104,59,2.75,100,7,0,NULL);
INSERT INTO Beers VALUES (1302,'Steenbrugge blonde (Abdij)',50,33,2.04,100,0,0,NULL);
INSERT INTO Beers VALUES (1303,'Steenbrugge dubbel (Abdij)',50,14,2.65,100,6,0,NULL);
INSERT INTO Beers VALUES (1304,'Steenbrugge tripel (Abdij)',50,59,2.86,100,8,0,NULL);
INSERT INTO Beers VALUES (1305,'Steendonk Brabants witbier',81,53,2.45,100,4,0,NULL);
INSERT INTO Beers VALUES (1306,'Steenezel (=Piraat)',14,21,3.06,100,10,0,NULL);
INSERT INTO Beers VALUES (1309,'Steinbrau pils',70,42,2.04,100,0,0,NULL);
INSERT INTO Beers VALUES (1310,'Stella Artois',6,42,2.55,100,5,0,NULL);
INSERT INTO Beers VALUES (1311,'Stella Artois dry',6,42,2.55,100,5,0,NULL);
INSERT INTO Beers VALUES (1312,'Stella Artois light',6,34,2.35,100,3,0,NULL);
INSERT INTO Beers VALUES (1313,'Stella Artois NA',6,3,2.04,100,0,0,NULL);
INSERT INTO Beers VALUES (1314,'Ster ale',105,6,2.45,100,4,0,NULL);
INSERT INTO Beers VALUES (1316,'Stille Nacht',32,36,2.86,100,8,0,NULL);
INSERT INTO Beers VALUES (1317,'Stoeren Bonk blond (=Augustijn)',14,15,2.86,100,8,0,NULL);
INSERT INTO Beers VALUES (1318,'Stoeren Bonk donker (=Bornem dubbel)',14,14,2.86,100,8,0,NULL);
INSERT INTO Beers VALUES (1320,'Stropken',54,36,2.96,100,9,0,NULL);
INSERT INTO Beers VALUES (1321,'Strubbe export',107,42,2.45,100,4,0,NULL);
INSERT INTO Beers VALUES (1322,'Strubbe faro',107,51,2.24,100,2,0,NULL);
INSERT INTO Beers VALUES (1324,'Strubbe oud bier',107,51,2.24,100,2,0,NULL);
INSERT INTO Beers VALUES (1325,'Strubbe pilsen',107,51,2.24,100,2,0,NULL);
INSERT INTO Beers VALUES (1326,'Strubbe stout',107,49,2.55,100,5,0,NULL);
INSERT INTO Beers VALUES (1327,'Student',64,53,2.45,100,4,0,NULL);
INSERT INTO Beers VALUES (1328,'Suma pils (=Sas pils)',65,42,2.45,100,4,0,NULL);
INSERT INTO Beers VALUES (1329,'Super 64',98,33,2.55,100,5,0,NULL);
INSERT INTO Beers VALUES (1330,'Super brune',48,51,2.14,100,1,0,NULL);
INSERT INTO Beers VALUES (1331,'Super des Fagnes (=Moine (triple))',17,15,2.86,100,8,0,NULL);
INSERT INTO Beers VALUES (1333,'Super Houblo (=Bonne Esperance (Abbaye de))',64,15,2.86,100,8,0,NULL);
INSERT INTO Beers VALUES (1334,'Super pils',107,42,2.55,100,5,0,NULL);
INSERT INTO Beers VALUES (1335,'Supra pils (=Safir)',6,42,2.55,100,5,0,NULL);
INSERT INTO Beers VALUES (1336,'Taupe (Biere de la) (=Mengsel La Folie/Saison de Pipaix)',117,15,2.75,100,7,0,NULL);
INSERT INTO Beers VALUES (1337,'Taverne ''t Brughuis - Muizen (=St. Sebastiaan grand cru)',105,15,2.75,100,7,0,NULL);
INSERT INTO Beers VALUES (1338,'Taverne Old Time - Veltem (=St. Sebastiaan grand cru)',105,15,2.75,100,7,0,NULL);
INSERT INTO Beers VALUES (1339,'Tea beer',67,31,2.35,100,3,0,NULL);
INSERT INTO Beers VALUES (1340,'Ter Dolen',34,33,2.65,100,6,0,NULL);
INSERT INTO Beers VALUES (1341,'Ter Dolen winterbier',34,14,2.86,100,8,0,NULL);
INSERT INTO Beers VALUES (1343,'Teugelbier',107,18,2.55,100,5,0,NULL);
INSERT INTO Beers VALUES (1345,'Thimougienne',15,15,2.86,100,8,0,NULL);
INSERT INTO Beers VALUES (1346,'Thouroutenaere (=Hapkin)',68,15,2.86,100,8,0,NULL);
INSERT INTO Beers VALUES (1348,'Tielts Tanneke (=Brunehaut villages blond)',21,18,2.65,100,6,0,NULL);
INSERT INTO Beers VALUES (1349,'Tilffoise',76,6,2.75,100,7,0,NULL);
INSERT INTO Beers VALUES (1350,'Timmermans blanche-wit lambic',108,31,2.35,100,3,0,NULL);
INSERT INTO Beers VALUES (1351,'Timmermans cassis lambic',108,31,2.45,100,4,0,NULL);
INSERT INTO Beers VALUES (1352,'Timmermans faro lambic',108,19,2.35,100,3,0,NULL);
INSERT INTO Beers VALUES (1353,'Timmermans framboise lambic',108,31,2.45,100,4,0,NULL);
INSERT INTO Beers VALUES (1354,'Timmermans gueuze caveau',108,22,2.55,100,5,0,NULL);
INSERT INTO Beers VALUES (1355,'Timmermans gueuze lambic',108,22,2.55,100,5,0,NULL);
INSERT INTO Beers VALUES (1356,'Timmermans kriek lambic',108,31,2.45,100,4,0,NULL);
INSERT INTO Beers VALUES (1357,'Timmermans lambic',108,56,2.45,100,4,0,NULL);
INSERT INTO Beers VALUES (1358,'Timmermans Lambicus',108,31,2.45,100,4,0,NULL);
INSERT INTO Beers VALUES (1359,'Timmermans peche lambic',108,31,2.45,100,4,0,NULL);
INSERT INTO Beers VALUES (1365,'Toine  (=St. Benoit blonde)',17,18,2.65,100,6,0,NULL);
INSERT INTO Beers VALUES (1366,'Toison d''or (triple)',4,59,2.75,100,7,0,NULL);
INSERT INTO Beers VALUES (1367,'Tongerlo christmas',51,14,2.65,100,6,0,NULL);
INSERT INTO Beers VALUES (1369,'Tongerlo dubbel',51,14,2.75,100,7,0,NULL);
INSERT INTO Beers VALUES (1370,'Tongerlo dubbel blond',14,33,2.65,100,6,0,NULL);
INSERT INTO Beers VALUES (1371,'Tongerlo tripel',51,59,2.86,100,8,0,NULL);
INSERT INTO Beers VALUES (1372,'Tonneke',28,6,2.55,100,5,0,NULL);
INSERT INTO Beers VALUES (1373,'Topmolen - Balen (=St. Sebastiaan grand cru)',105,15,2.75,100,7,0,NULL);
INSERT INTO Beers VALUES (1374,'Torque de Frasnes',117,15,2.75,100,7,0,NULL);
INSERT INTO Beers VALUES (1377,'Tourtel malt',2,3,2.04,100,0,0,NULL);
INSERT INTO Beers VALUES (1379,'Tradition des Moines blonde (=St. Benoit blonde)',17,33,2.65,100,6,0,NULL);
INSERT INTO Beers VALUES (1380,'Tradition des Moines brune (=St. Benoit brune)',17,14,2.65,100,6,0,NULL);
INSERT INTO Beers VALUES (1381,'Trammelantbier',107,15,2.75,100,7,0,NULL);
INSERT INTO Beers VALUES (1383,'Tremeloos Damiaanbier',14,18,2.65,100,6,0,NULL);
INSERT INTO Beers VALUES (1384,'Trial',69,51,2.35,100,3,0,NULL);
INSERT INTO Beers VALUES (1385,'Tricentenaire  (=St. Benoit blonde)',17,18,2.65,100,6,0,NULL);
INSERT INTO Beers VALUES (1388,'Triplor (family''s beer)',93,51,2.35,100,3,0,NULL);
INSERT INTO Beers VALUES (1389,'Troetsel-Niel pils (De)',65,42,2.55,100,5,0,NULL);
INSERT INTO Beers VALUES (1390,'Troublette',23,53,2.55,100,5,0,NULL);
INSERT INTO Beers VALUES (1391,'Tuborg',6,42,2.55,100,5,0,NULL);
INSERT INTO Beers VALUES (1392,'Tull bier',103,18,2.55,100,5,0,NULL);
INSERT INTO Beers VALUES (1393,'Turf (Nen) (=Augustijn)',14,15,2.86,100,8,0,NULL);
INSERT INTO Beers VALUES (1394,'TV bier',125,51,2.35,100,3,0,NULL);
INSERT INTO Beers VALUES (1396,'Ulricher lager',49,42,2.55,100,5,0,NULL);
INSERT INTO Beers VALUES (1397,'Unic-bier',48,51,2.35,100,3,0,NULL);
INSERT INTO Beers VALUES (1400,'Upper 19',125,15,2.75,100,7,0,NULL);
INSERT INTO Beers VALUES (1401,'Vaartlander 25cl & vat',122,15,2.75,100,7,0,NULL);
INSERT INTO Beers VALUES (1402,'Vaartlander 75cl',122,21,2.96,100,9,0,NULL);
INSERT INTO Beers VALUES (1403,'Vache (Biere) (=Mengsel La Folie/Saison de Pipaix)',117,15,2.75,100,7,0,NULL);
INSERT INTO Beers VALUES (1404,'Val d''Heure blonde 25 cl (=Regal (Saison))',17,18,2.65,100,6,0,NULL);
INSERT INTO Beers VALUES (1405,'Val d''Heure blonde 75cl (=Moine (triple))',17,15,2.86,100,8,0,NULL);
INSERT INTO Beers VALUES (1406,'Val d''Heure brune 25cl (=St. Benoit brune)',17,14,2.65,100,6,0,NULL);
INSERT INTO Beers VALUES (1407,'Val d''Heure brune 75cl (=St. Benoit brune (brassin special))',17,36,2.86,100,8,0,NULL);
INSERT INTO Beers VALUES (1409,'Val St. Lambert (Abbaye de) (=Moine (triple))',17,15,2.86,100,8,0,NULL);
INSERT INTO Beers VALUES (1410,'Val-Dieu (Triple de) (=Brigand)',114,59,2.96,100,9,0,NULL);
INSERT INTO Beers VALUES (1413,'Vander Linden faro',115,54,2.45,100,4,0,NULL);
INSERT INTO Beers VALUES (1414,'Vander Linden frambozenbier',115,55,2.75,100,7,0,NULL);
INSERT INTO Beers VALUES (1415,'Vander Linden lambik',115,56,2.65,100,6,0,NULL);
INSERT INTO Beers VALUES (1419,'Vapeur legere',117,8,2.45,100,4,0,NULL);
INSERT INTO Beers VALUES (1420,'Vapeur rousse',117,14,2.86,100,8,0,NULL);
INSERT INTO Beers VALUES (1421,'Vedett (=Bel pils)',74,42,2.55,100,5,0,NULL);
INSERT INTO Beers VALUES (1422,'Vega pils',58,42,2.55,100,5,0,NULL);
INSERT INTO Beers VALUES (1423,'Veltems kruikje (''t) grand cru (=St. Sebastiaan grand cru)',105,15,2.75,100,7,0,NULL);
INSERT INTO Beers VALUES (1425,'Vera dubbel blond',118,51,2.24,100,2,0,NULL);
INSERT INTO Beers VALUES (1426,'Vera export',118,42,2.45,100,4,0,NULL);
INSERT INTO Beers VALUES (1427,'Vera ouden bruinen',118,51,2.24,100,2,0,NULL);
INSERT INTO Beers VALUES (1428,'Vera pils',118,42,2.45,100,4,0,NULL);
INSERT INTO Beers VALUES (1429,'Vera special',118,51,2.24,100,2,0,NULL);
INSERT INTO Beers VALUES (1430,'Verabrau urtyp',118,13,2.45,100,4,0,NULL);
INSERT INTO Beers VALUES (1432,'Verhaeghe echte kriek',118,18,2.55,100,5,0,NULL);
INSERT INTO Beers VALUES (1433,'Verhaeghe triple blond',118,51,2.35,100,3,0,NULL);
INSERT INTO Beers VALUES (1434,'Verlinden extra bruin',56,51,2.04,100,0,0,NULL);
INSERT INTO Beers VALUES (1435,'Verlinden special blond',56,51,2.14,100,1,0,NULL);
INSERT INTO Beers VALUES (1436,'Verne en folie  (=Vapeur en folie )',117,15,2.86,100,8,0,NULL);
INSERT INTO Beers VALUES (1437,'Verne rousse  (=Vapeur rousse )',117,15,2.86,100,8,0,NULL);
INSERT INTO Beers VALUES (1438,'Verrebroekse Flip (=Augustijn)',14,15,2.86,100,8,0,NULL);
INSERT INTO Beers VALUES (1439,'Verte (tripel)',107,59,2.04,100,0,0,NULL);
INSERT INTO Beers VALUES (1440,'Very Diest',51,51,2.14,100,1,0,NULL);
INSERT INTO Beers VALUES (1441,'Vezonnoise  (=Mengsel La Folie/Saison de Pipaix)',117,15,2.75,100,7,0,NULL);
INSERT INTO Beers VALUES (1442,'Vi Keute di Nameur blonde (=Floreffe blonde)',64,33,2.75,100,7,0,NULL);
INSERT INTO Beers VALUES (1443,'Vi Keute di Nameur brune (=St. Benoit brune (brassin special))',17,36,2.86,100,8,0,NULL);
INSERT INTO Beers VALUES (1444,'Vichtenaar',118,62,2.45,100,4,0,NULL);
INSERT INTO Beers VALUES (1446,'Vieille Bon-Secours blonde',24,15,2.75,100,7,0,NULL);
INSERT INTO Beers VALUES (1448,'Vieille des Estinnes',37,15,2.75,100,7,0,NULL);
INSERT INTO Beers VALUES (1449,'Vieille Salme',1,15,2.86,100,8,0,NULL);
INSERT INTO Beers VALUES (1450,'Vieillotte du Hurlevent  (=Moinette blonde)',37,15,2.86,100,8,0,NULL);
INSERT INTO Beers VALUES (1451,'Vieux Bruges blanche (=Vlaamsch wit)',114,53,2.45,100,4,0,NULL);
INSERT INTO Beers VALUES (1452,'Vieux Bruges framboise (=St. Louis framboisee)',114,22,2.45,100,4,0,NULL);
INSERT INTO Beers VALUES (1453,'Vieux Bruges gueuze lambic (=St. Louis gueuze lambic)',114,22,2.45,100,4,0,NULL);
INSERT INTO Beers VALUES (1454,'Vieux Bruges kriek lambic (=St. Louis kriek lambic)',114,22,2.45,100,4,0,NULL);
INSERT INTO Beers VALUES (1455,'Vieux Bruxelles gueuze lambic (=St. Louis gueuze lambic)',114,22,2.45,100,4,0,NULL);
INSERT INTO Beers VALUES (1456,'Vieux Bruxelles kriek lambic (=Wieze kriek lambic)',125,22,2.55,100,5,0,NULL);
INSERT INTO Beers VALUES (1457,'Vieux Foudre faro',115,54,2.65,100,6,0,NULL);
INSERT INTO Beers VALUES (1458,'Vieux Foudre gueuze',115,55,2.65,100,6,0,NULL);
INSERT INTO Beers VALUES (1459,'Vieux Foudre kriek',115,55,2.65,100,6,0,NULL);
INSERT INTO Beers VALUES (1460,'Vieux Temps',6,6,2.55,100,5,0,NULL);
INSERT INTO Beers VALUES (1462,'Viking (=Mengsel La Folie/Saison de Pipaix)',117,15,2.75,100,7,0,NULL);
INSERT INTO Beers VALUES (1463,'Vile Cinse (=St. Benoit brune)',17,18,2.65,100,6,0,NULL);
INSERT INTO Beers VALUES (1467,'Villers dubbel amber',120,18,2.75,100,7,0,NULL);
INSERT INTO Beers VALUES (1468,'Villers Saint-Ghislain blonde (Speciale)',98,15,2.75,100,7,0,NULL);
INSERT INTO Beers VALUES (1469,'Villers Saint-Ghislain brune (Speciale)',98,14,2.86,100,8,0,NULL);
INSERT INTO Beers VALUES (1470,'Villers triple',120,59,2.86,100,8,0,NULL);
INSERT INTO Beers VALUES (1472,'Vitus spezialbier (=Villers Saint-Ghislain brune (Speciale))',98,15,2.86,100,8,0,NULL);
INSERT INTO Beers VALUES (1473,'Vive vie  (=Mengsel La Folie/Saison de Pipaix)',117,15,2.75,100,7,0,NULL);
INSERT INTO Beers VALUES (1474,'Vlaamsch wit',114,53,2.45,100,4,0,NULL);
INSERT INTO Beers VALUES (1475,'Vleteren alt',30,5,2.86,100,8,0,NULL);
INSERT INTO Beers VALUES (1476,'Vleteren super 8',30,14,2.86,100,8,0,NULL);
INSERT INTO Beers VALUES (1478,'Vondel',87,36,2.86,100,8,0,NULL);
INSERT INTO Beers VALUES (1480,'Waas klokbier tripel',18,59,2.86,100,8,0,NULL);
INSERT INTO Beers VALUES (1482,'Waase witte',18,53,2.55,100,5,0,NULL);
INSERT INTO Beers VALUES (1484,'Walrave export (=Pick-up pils)',121,42,2.45,100,4,0,NULL);
INSERT INTO Beers VALUES (1485,'Walrave extra tafelbier',121,51,2.24,100,2,0,NULL);
INSERT INTO Beers VALUES (1488,'Wastobbeke (=Couckelaerschen Doedel)',107,18,2.65,100,6,0,NULL);
INSERT INTO Beers VALUES (1489,'Watermolen (Balen) (=St. Sebastiaan grand cru)',105,15,2.75,100,7,0,NULL);
INSERT INTO Beers VALUES (1490,'Watneys red barrel',111,4,2.55,100,5,0,NULL);
INSERT INTO Beers VALUES (1491,'Watneys scotch',111,46,2.65,100,6,0,NULL);
INSERT INTO Beers VALUES (1492,'Watou''s wit bier',113,53,2.55,100,5,0,NULL);
INSERT INTO Beers VALUES (1493,'Wellington red lion (=Watneys red barrel)',111,4,2.55,100,5,0,NULL);
INSERT INTO Beers VALUES (1494,'Wellington scotch ale (=Watneys scotch)',111,46,2.65,100,6,0,NULL);
INSERT INTO Beers VALUES (1495,'Wentelkriek (=Boon kriek)',19,55,2.55,100,5,0,NULL);
INSERT INTO Beers VALUES (1497,'West pils (=Sas pils)',65,42,2.45,100,4,0,NULL);
INSERT INTO Beers VALUES (1499,'Westmalle dubbel',123,14,2.75,100,7,0,NULL);
INSERT INTO Beers VALUES (1500,'Westmalle tripel',123,59,2.96,100,9,0,NULL);
INSERT INTO Beers VALUES (1501,'Westvleteren 12',124,36,3.16,100,11,0,NULL);
INSERT INTO Beers VALUES (1502,'Westvleteren 4',124,8,2.45,100,4,0,NULL);
INSERT INTO Beers VALUES (1503,'Westvleteren 6',124,14,2.65,100,6,0,NULL);
INSERT INTO Beers VALUES (1504,'Westvleteren 8',124,36,2.86,100,8,0,NULL);
INSERT INTO Beers VALUES (1505,'Wevelgemse tripel',85,59,2.04,100,0,0,NULL);
INSERT INTO Beers VALUES (1507,'Whitbread extra stout',6,49,2.45,100,4,0,NULL);
INSERT INTO Beers VALUES (1508,'Whitbread pale ale',6,4,2.55,100,5,0,NULL);
INSERT INTO Beers VALUES (1509,'Wiel''s (=Safir)',6,42,2.55,100,5,0,NULL);
INSERT INTO Beers VALUES (1510,'Wieze christmas',125,14,2.75,100,7,0,NULL);
INSERT INTO Beers VALUES (1511,'Wieze export (=Wieze pils)',125,42,2.55,100,5,0,NULL);
INSERT INTO Beers VALUES (1512,'Wieze kriek lambic',125,60,2.45,100,4,0,NULL);
INSERT INTO Beers VALUES (1513,'Wieze pils',125,42,2.55,100,5,0,NULL);
INSERT INTO Beers VALUES (1514,'Wieze scotch 1866',125,46,2.75,100,7,0,NULL);
INSERT INTO Beers VALUES (1516,'Wilson mild stout',14,49,2.55,100,5,0,NULL);
INSERT INTO Beers VALUES (1517,'Witkap pater dubbele pater',99,14,2.75,100,7,0,NULL);
INSERT INTO Beers VALUES (1518,'Witkap pater stimulo',99,33,2.65,100,6,0,NULL);
INSERT INTO Beers VALUES (1519,'Witkap pater tripel',99,59,2.75,100,7,0,NULL);
INSERT INTO Beers VALUES (1521,'Wittekop (=Dentergems witbier - Riva blanche)',87,53,2.55,100,5,0,NULL);
INSERT INTO Beers VALUES (1522,'Woise  (=Vapeur en folie )',117,15,2.86,100,8,0,NULL);
INSERT INTO Beers VALUES (1524,'Wonder premium light beer',74,34,2.24,100,2,0,NULL);
INSERT INTO Beers VALUES (1525,'XX Bitter',85,11,2.04,100,0,0,NULL);
INSERT INTO Beers VALUES (1526,'Yersekes mosselbier',14,18,2.55,100,5,0,NULL);
INSERT INTO Beers VALUES (1527,'Yperman',65,18,2.65,100,6,0,NULL);
INSERT INTO Beers VALUES (1528,'Yves pils (=Super pils)',107,42,2.55,100,5,0,NULL);
INSERT INTO Beers VALUES (1529,'Zaal Kapelhof - Rillaar (=St. Sebastiaan grand cru)',105,15,2.75,100,7,0,NULL);
INSERT INTO Beers VALUES (1530,'Zafke (Blanche du) (=Student)',64,53,2.45,100,4,0,NULL);
INSERT INTO Beers VALUES (1531,'Zandberg brau',118,13,2.45,100,4,0,NULL);
INSERT INTO Beers VALUES (1532,'Zatte Bie (De)',12,36,2.96,100,9,0,NULL);
INSERT INTO Beers VALUES (1533,'Zedelgemse Martelaar (=Dikke Mathile)',107,18,2.65,100,6,0,NULL);
INSERT INTO Beers VALUES (1534,'Zelfde (''t)',20,18,2.65,100,6,0,NULL);
INSERT INTO Beers VALUES (1535,'Zerewever (=Gapers bier)',118,18,2.75,100,7,0,NULL);
INSERT INTO Beers VALUES (1537,'Zotskap (=Pater Lieven)',112,18,2.55,100,5,0,NULL);
INSERT INTO Beers VALUES (1538,'Zottegemse grand cru',29,15,2.86,100,8,0,NULL);
INSERT INTO Beers VALUES (1539,'Zulte',2,62,2.45,100,4,0,NULL);
INSERT INTO Beers VALUES (1540,'Zwarte Flesch (=Lamoral Degmont)',112,15,2.86,100,8,0,NULL);
INSERT INTO Beers VALUES (1541,'Zwijntje (=Augustijn)',14,15,2.86,100,8,0,NULL);
INSERT INTO Beers VALUES (1542,'Zwintje',74,6,2.65,100,6,0,NULL);
INSERT INTO Beers VALUES (1543,'Zwoele Berten (=Bornem dubbel)',14,14,2.04,100,0,0,NULL);

-- IMAGES --

CREATE TABLE Images (
  `id` int(11) NOT NULL AUTO_INCREMENT,
  `name` varchar(45) DEFAULT NULL,
  `image` longblob,
  PRIMARY KEY (`id`)
) ENGINE=InnoDB DEFAULT CHARSET=utf8;

-- GUESTBOOK --

CREATE TABLE `GuestBook` (
  `id` int(10) unsigned NOT NULL AUTO_INCREMENT,
  `Date` timestamp NOT NULL DEFAULT CURRENT_TIMESTAMP ON UPDATE CURRENT_TIMESTAMP,
  `Name` varchar(45) NOT NULL,
  `Message` varchar(256) NOT NULL,
  PRIMARY KEY (`id`)
) ENGINE=InnoDB DEFAULT CHARSET=utf8;

-- USERS --

CREATE TABLE `Users` (
  `id` int(11) NOT NULL AUTO_INCREMENT,
  `name` varchar(45) CHARACTER SET latin1 NOT NULL,
  `password` varchar(64) CHARACTER SET latin1 NOT NULL,
  `role` varchar(45) CHARACTER SET latin1 NOT NULL,
  `enabled` bit(1) DEFAULT b'1',
  PRIMARY KEY (`id`)
) ENGINE=InnoDB AUTO_INCREMENT=3 DEFAULT CHARSET=utf8;
SELECT * FROM StudentDB.Users;

INSERT INTO Users VALUES (1,'homer','5e884898da28047151d0e56f8dc6292773603d0d6aabbdd62a11ef721d1542d8','ROLE_ADULT',true);
INSERT INTO Users VALUES (2,'bart','5e884898da28047151d0e56f8dc6292773603d0d6aabbdd62a11ef721d1542d8','ROLE_MINOR',true);

-- SURVEY --
CREATE TABLE `Survey` (
  `id` int(11) NOT NULL AUTO_INCREMENT,
  `date` timestamp NOT NULL DEFAULT CURRENT_TIMESTAMP ON UPDATE CURRENT_TIMESTAMP,
  `name` varchar(45) NOT NULL,
  `street` varchar(45) NOT NULL,
  `number` varchar(45) NOT NULL,
  `zipcode` varchar(45) NOT NULL,
  `city` varchar(45) NOT NULL,
  `email` varchar(45) NOT NULL,
  `answer1` tinyint(3) unsigned zerofill NOT NULL DEFAULT '000',
  `answer2` tinyint(3) unsigned zerofill NOT NULL DEFAULT '000',
  `answer3` tinyint(3) unsigned zerofill NOT NULL DEFAULT '000',
  PRIMARY KEY (`id`)
) ENGINE=InnoDB AUTO_INCREMENT=54 DEFAULT CHARSET=utf8;
